"","PROTID","X2021_01_20_CORALEGGS_10B_23_NUMSPECSTOT","X2021_01_20_CORALEGGS_10NB_13_NUMSPECSTOT","X2021_01_20_CORALEGGS_13B_07_NUMSPECSTOT","X2021_01_20_CORALEGGS_13NB_22_NUMSPECSTOT","X2021_01_20_CORALEGGS_21B_17_NUMSPECSTOT","X2021_01_20_CORALEGGS_21NB_09_NUMSPECSTOT","X2021_01_20_CORALEGGS_26B_21_NUMSPECSTOT","X2021_01_20_CORALEGGS_26NB_15_NUMSPECSTOT","X2021_01_20_CORALEGGS_66B_14_NUMSPECSTOT","X2021_01_20_CORALEGGS_66NB_16_NUMSPECSTOT","X2021_01_20_CORALEGGS_74B_08_NUMSPECSTOT","X2021_01_20_CORALEGGS_74NB_20_NUMSPECSTOT"
"1","RZO77719.1",1,3,4,3,4,4,1,2,2,3,3,2
"2","WP_089370772.1",2,2,1,1,1,1,2,1,1,2,1,2
"3","lcl|c232660_g2_i7|m.17650",1,1,2,3,1,1,2,1,2,2,1,2
"4","lcl|c232843_g1_i4|m.17830",11,14,13,13,14,10,13,15,11,17,12,14
"5","lcl|c232847_g2_i2|m.17831",5,6,4,3,3,4,3,4,3,5,3,5
"6","lcl|c226607_g5_i2|m.11621",4,5,4,4,4,3,2,5,3,6,4,4
"7","lcl|c232854_g3_i11|m.17840",3,3,3,2,1,3,3,4,5,2,4,3
"8","lcl|c232855_g5_i1|m.17841",2,1,1,1,1,1,2,2,2,1,2,1
"9","lcl|c232899_g1_i2|m.17887",5,6,3,4,4,3,5,3,3,6,3,4
"10","lcl|c232931_g1_i10|m.17922",3,2,2,2,2,2,1,2,3,2,2,2
"11","lcl|c232983_g2_i2|m.17991",3,2,2,2,2,3,2,1,3,2,2,3
"12","lcl|c233012_g3_i3|m.18031",12,14,12,11,6,10,8,12,9,12,11,13
"13","lcl|c233024_g1_i6|m.18051",7,5,11,8,9,9,6,6,8,9,9,9
"14","lcl|c233030_g2_i3|m.18059",3,4,3,6,5,6,5,5,6,6,8,5
"15","lcl|c215819_g3_i2|m.4218",1,1,2,2,0,0,1,0,3,2,2,2
"16","lcl|c233068_g2_i3|m.18101",26,32,26,25,28,34,26,39,39,47,42,41
"17","lcl|c233068_g2_i1|m.18098",26,31,25,22,23,30,23,33,37,41,38,34
"18","lcl|c233068_g3_i4|m.18107",4,2,4,4,0,1,4,6,1,2,7,5
"19","lcl|c233095_g1_i10|m.18140",1,1,0,2,2,0,1,2,0,2,1,2
"20","lcl|c233142_g2_i1|m.18198",3,7,2,2,3,3,2,2,3,2,5,6
"21","lcl|c233235_g3_i2|m.18302",2,2,2,2,3,2,2,2,2,2,2,2
"22","lcl|c233287_g2_i1|m.18368",13,9,9,11,11,13,5,6,9,13,13,10
"23","lcl|c233306_g1_i2|m.18390",11,14,10,12,15,11,10,14,14,15,15,11
"24","lcl|c233334_g2_i12|m.18425",2,1,0,0,0,0,0,0,0,0,0,0
"25","lcl|c233430_g8_i1|m.18545",4,3,5,4,1,2,1,0,0,2,4,4
"26","lcl|c233440_g1_i12|m.18566",2,2,1,0,0,1,2,1,2,1,1,1
"27","lcl|c233481_g5_i1|m.18601",4,4,3,3,4,4,4,3,4,3,4,4
"28","lcl|c215953_g5_i6|m.4317",1,2,2,3,3,2,2,2,2,3,1,2
"29","lcl|c233603_g4_i1|m.18756",2,2,2,1,2,2,2,2,1,1,2,1
"30","lcl|c233767_g1_i3|m.18989",11,8,6,7,10,10,9,14,11,13,12,13
"31","lcl|c233774_g10_i4|m.19004",0,2,3,2,2,3,2,4,1,3,2,2
"32","lcl|c233784_g1_i2|m.19012",0,0,0,2,3,3,1,2,2,2,4,2
"33","lcl|c233811_g4_i2|m.19026",1,2,2,2,2,2,4,2,1,2,2,1
"34","lcl|c233948_g1_i2|m.19238",23,16,17,16,20,26,22,22,19,26,19,21
"35","lcl|c233953_g2_i3|m.19243",2,3,2,2,2,2,0,1,3,1,2,2
"36","lcl|c234054_g3_i2|m.19385",22,16,9,14,9,17,11,18,11,17,20,19
"37","lcl|c229532_g3_i4|m.14360",16,15,11,16,12,14,10,14,14,16,24,16
"38","A0A1Q9CCL7",2,2,2,3,1,1,1,1,1,1,1,1
"39","A0A1Q9DQG6",0,1,1,0,1,1,1,1,1,1,1,1
"40","Q76EI0",1,2,3,5,2,1,0,3,1,2,1,1
"41","Q7XJJ3",1,2,2,4,1,1,0,2,1,1,1,1
"42","lcl|c234082_g2_i6|m.19416",1,2,1,3,2,1,1,0,1,3,3,5
"43","lcl|c234177_g2_i1|m.19581",4,3,1,2,1,2,1,2,4,2,3,3
"44","lcl|c234226_g1_i1|m.19634",1,0,0,0,3,2,3,1,1,2,2,1
"45","lcl|c234421_g4_i7|m.19822",3,4,1,4,3,3,3,1,1,3,0,2
"46","lcl|c234522_g3_i2|m.19927",4,2,4,3,7,4,1,0,2,3,6,5
"47","lcl|c234533_g4_i3|m.19947",12,13,10,10,9,8,8,17,10,11,18,13
"48","lcl|c234626_g4_i3|m.20042",18,12,14,19,15,11,16,16,12,13,22,21
"49","lcl|c229538_g7_i4|m.14373",3,5,3,1,3,6,2,4,5,5,4,3
"50","A0A1Q9DKI8",0,3,3,4,4,1,4,3,2,1,4,2
"51","lcl|c234643_g1_i12|m.20068",2,2,1,1,2,2,3,2,4,3,2,2
"52","lcl|c234643_g1_i7|m.20081",3,4,3,3,3,3,2,3,3,3,5,4
"53","lcl|c234643_g1_i2|m.20073",3,2,2,3,2,2,3,4,4,4,3,4
"54","lcl|c234643_g1_i6|m.20078",2,3,1,1,1,2,1,2,2,1,3,3
"55","lcl|c234789_g3_i1|m.20259",12,15,14,17,13,15,4,6,9,20,19,21
"56","lcl|c234851_g1_i2|m.20336",3,1,0,2,1,1,1,2,1,1,2,1
"57","lcl|c215979_g1_i4|m.4328",0,1,2,2,3,3,1,0,0,1,0,3
"58","lcl|c234869_g3_i5|m.20367",2,0,1,1,2,1,1,0,1,2,2,1
"59","lcl|c234898_g1_i3|m.20394",3,1,3,3,1,3,3,5,3,2,3,0
"60","lcl|c234934_g3_i3|m.20432",15,7,13,11,10,11,10,17,12,9,15,10
"61","lcl|c235089_g1_i3|m.20552",5,5,4,5,3,5,3,6,3,4,4,5
"62","lcl|c235184_g7_i1|m.20675",5,8,5,5,4,7,4,8,6,5,5,6
"63","lcl|c235283_g6_i2|m.20781",3,4,8,5,7,7,3,0,2,7,5,5
"64","lcl|c235376_g2_i1|m.20864",4,3,4,4,2,3,5,7,2,2,3,4
"65","lcl|c235506_g6_i4|m.20981",2,1,1,0,0,1,0,1,0,1,0,0
"66","lcl|c235548_g1_i1|m.21054",3,3,1,4,3,2,5,3,5,4,3,4
"67","lcl|c235670_g8_i2|m.21195",3,8,12,11,11,7,0,0,0,8,6,13
"68","lcl|c215979_g2_i1|m.4331",0,1,3,2,4,3,0,0,1,4,3,3
"69","lcl|c236134_g1_i2|m.21741",8,12,16,12,10,13,10,14,12,16,14,22
"70","lcl|c236138_g1_i3|m.21749",9,6,8,11,8,4,10,5,5,5,7,9
"71","lcl|c236195_g2_i4|m.21823",0,0,0,0,0,0,1,0,0,0,4,3
"72","lcl|c236195_g2_i1|m.21821",0,0,0,0,0,0,2,1,0,0,0,0
"73","lcl|c236234_g4_i10|m.21877",2,4,1,2,4,4,0,1,4,4,0,3
"74","lcl|c236239_g1_i2|m.21882",2,2,1,0,1,1,2,2,3,3,3,2
"75","lcl|c236250_g3_i7|m.21896",6,6,4,4,5,4,4,4,5,4,7,5
"76","lcl|c236256_g2_i1|m.21902",8,8,7,6,10,10,11,11,10,12,12,12
"77","lcl|c236262_g1_i17|m.21911",8,6,11,13,6,7,15,6,10,12,12,13
"78","lcl|c236356_g1_i1|m.22029",2,2,1,1,0,1,2,1,1,0,1,0
"79","lcl|c236405_g2_i1|m.22075",0,0,0,0,0,1,0,1,1,1,0,0
"80","lcl|c236511_g2_i2|m.22191",7,8,6,6,5,9,7,8,5,6,6,3
"81","lcl|c236542_g2_i1|m.22226",3,1,1,3,1,2,2,2,2,1,1,3
"82","lcl|c236660_g2_i1|m.22378",2,0,0,1,1,2,1,1,3,2,2,3
"83","lcl|c236859_g1_i3|m.22625",2,2,2,1,1,2,2,1,1,1,1,2
"84","lcl|c236892_g3_i5|m.22669",3,2,3,2,3,3,2,2,3,2,5,6
"85","lcl|c236909_g3_i2|m.22685",4,6,6,7,7,8,4,4,4,9,5,11
"86","lcl|c184118_g1_i1|m.691",3,4,4,6,6,6,3,4,3,5,4,5
"87","lcl|c236955_g1_i2|m.22718",0,1,1,1,0,1,0,1,1,0,0,1
"88","lcl|c236976_g1_i1|m.22752",12,9,5,8,7,7,7,13,8,12,12,13
"89","lcl|c236976_g1_i6|m.22753",10,7,4,7,6,5,5,8,7,9,9,10
"90","lcl|c237191_g2_i5|m.23010",12,10,5,7,8,13,7,14,11,8,12,8
"91","lcl|c237237_g1_i5|m.23062",4,3,5,3,1,3,4,5,2,5,4,4
"92","lcl|c237550_g1_i1|m.23390",1,1,0,2,2,0,2,0,2,2,1,0
"93","lcl|c237578_g2_i2|m.23441",4,2,0,3,1,2,2,2,0,2,2,1
"94","lcl|c237814_g2_i2|m.23785",15,13,7,9,9,12,10,17,5,7,11,13
"95","lcl|c237814_g2_i1|m.23784",13,9,9,5,8,10,10,16,4,3,14,10
"96","lcl|c237814_g2_i4|m.23787",7,7,7,6,9,7,7,9,6,6,10,7
"97","lcl|c237955_g4_i3|m.23932",0,0,2,1,0,0,2,1,0,0,2,0
"98","lcl|c237969_g1_i5|m.23942",4,3,1,0,2,1,0,1,2,3,1,0
"99","lcl|c238054_g2_i6|m.24053",1,1,1,1,0,2,0,2,2,1,2,1
"100","lcl|c238111_g1_i1|m.24102",11,9,7,4,6,4,3,6,3,6,4,5
"101","lcl|c238364_g3_i7|m.24424",5,3,0,1,0,4,2,2,4,1,6,3
"102","lcl|c216124_g1_i2|m.4405",2,2,3,2,2,2,1,1,1,2,2,3
"103","lcl|c238381_g2_i1|m.24446",3,2,4,1,3,1,3,2,4,3,2,3
"104","lcl|c243357_g2_i4|m.30881",4,4,1,1,1,2,4,2,3,3,2,1
"105","lcl|c238429_g5_i1|m.24515",10,4,6,7,7,9,11,11,8,10,11,7
"106","lcl|c238537_g2_i6|m.24628",29,25,18,23,23,30,26,32,24,26,28,20
"107","lcl|c229550_g1_i3|m.14393",5,6,4,7,7,6,7,7,8,7,6,7
"108","A0A1Q9CZI0",2,1,1,1,2,1,2,1,2,1,2,1
"109","lcl|c238676_g4_i3|m.24804",8,5,9,10,7,8,9,7,9,7,8,9
"110","lcl|c238677_g1_i1|m.24810",4,3,6,5,7,7,1,3,2,5,4,6
"111","lcl|c238681_g1_i11|m.24819",4,3,4,5,3,5,3,4,6,5,5,5
"112","lcl|c238826_g2_i1|m.24957",4,2,3,2,3,2,3,3,2,2,3,4
"113","lcl|c238903_g3_i2|m.25053",8,7,4,3,5,7,10,8,7,6,7,9
"114","lcl|c238912_g1_i4|m.25063",7,1,5,7,1,0,5,5,6,3,7,5
"115","lcl|c238912_g1_i10|m.25059",5,2,1,3,2,2,2,2,1,1,3,4
"116","lcl|c238912_g1_i3|m.25061",4,0,3,3,0,0,4,3,3,2,3,3
"117","lcl|c238994_g2_i3|m.25167",1,2,0,1,2,1,2,1,2,2,4,4
"118","lcl|c239136_g4_i3|m.25338",3,1,1,1,0,1,1,2,3,2,1,0
"119","lcl|c239240_g3_i4|m.25490",8,10,7,8,8,9,9,11,9,9,9,8
"120","lcl|c239381_g2_i1|m.25706",3,4,5,7,5,6,6,7,6,7,7,8
"121","lcl|c239436_g1_i2|m.25787",0,0,2,1,2,1,1,0,0,1,0,1
"122","lcl|c239543_g6_i2|m.25954",2,2,1,2,1,0,3,2,4,2,1,3
"123","lcl|c239662_g2_i17|m.26115",0,2,4,3,4,3,2,3,5,4,3,3
"124","lcl|c239722_g4_i5|m.26254",2,5,3,3,4,4,4,4,2,2,2,3
"125","lcl|c239816_g8_i3|m.26354",3,4,7,7,2,4,5,4,4,3,3,2
"126","lcl|c239816_g8_i1|m.26351",2,2,4,4,2,3,3,2,2,1,2,1
"127","lcl|c239956_g2_i4|m.26561",6,4,3,4,3,6,3,5,4,3,4,4
"128","WP_109670210.1",0,0,0,1,0,0,0,0,0,0,1,0
"129","lcl|c216194_g2_i1|m.4425",7,4,5,4,5,3,3,8,4,4,5,6
"130","lcl|c240077_g1_i1|m.26736",1,1,1,1,3,2,2,0,2,1,1,4
"131","lcl|c240128_g3_i1|m.26827",4,3,2,2,1,5,4,1,5,4,4,4
"132","lcl|c240158_g2_i1|m.26858",5,3,4,4,3,6,0,3,3,4,5,4
"133","lcl|c240259_g4_i3|m.26973",0,0,1,1,2,2,1,1,0,1,2,2
"134","lcl|c240370_g1_i1|m.27121",7,3,5,5,6,7,3,7,3,5,10,6
"135","lcl|c240440_g6_i6|m.27259",21,14,14,10,12,17,11,15,15,19,17,15
"136","lcl|c240612_g3_i13|m.27477",0,1,4,6,4,5,1,1,2,2,3,4
"137","lcl|c240621_g3_i2|m.27488",0,1,1,2,0,0,0,2,1,2,2,2
"138","lcl|c229261_g2_i4|m.14109",1,1,1,2,0,0,1,2,1,1,1,2
"139","lcl|c240688_g3_i1|m.27609",14,12,9,10,11,12,10,13,12,14,10,15
"140","lcl|c216201_g2_i1|m.4428",1,2,2,1,2,2,1,2,1,2,2,3
"141","lcl|c240699_g3_i15|m.27615",8,8,4,7,4,11,4,9,6,8,9,12
"142","lcl|c240711_g1_i2|m.27634",3,3,4,1,1,1,3,5,2,2,2,0
"143","lcl|c240718_g1_i1|m.27651",0,0,2,3,1,1,0,0,0,0,0,0
"144","lcl|c240720_g1_i3|m.27662",41,29,21,30,32,30,32,42,38,31,38,35
"145","lcl|c206351_g3_i3|m.1527",3,3,1,3,1,0,3,1,2,3,2,2
"146","lcl|c240732_g2_i4|m.27676",2,4,2,2,2,4,1,3,4,3,2,4
"147","lcl|c240846_g1_i2|m.27805",3,2,1,1,1,1,1,1,1,1,1,2
"148","lcl|c240852_g1_i3|m.27810",8,5,6,5,4,4,3,8,5,7,7,8
"149","lcl|c238296_g3_i2|m.24349",3,1,1,0,0,1,1,2,0,1,2,2
"150","lcl|c240877_g2_i2|m.27858",3,2,2,1,2,1,1,1,1,4,3,3
"151","lcl|c240887_g1_i1|m.27877",4,3,4,1,4,2,3,4,4,5,3,3
"152","lcl|c240887_g1_i5|m.27881",3,2,2,1,3,3,1,2,2,3,2,3
"153","lcl|c240943_g2_i3|m.27981",0,0,0,1,1,0,1,1,1,0,0,2
"154","lcl|c216308_g5_i4|m.4526",4,3,4,5,2,2,4,4,3,3,2,5
"155","lcl|c241114_g1_i2|m.28195",2,0,4,4,5,5,0,1,2,3,4,6
"156","lcl|c241174_g2_i10|m.28286",1,3,3,2,2,2,1,1,3,4,4,5
"157","lcl|c241252_g2_i5|m.28366",3,2,4,3,5,3,3,2,4,3,3,3
"158","lcl|c241378_g5_i4|m.28499",0,3,2,1,1,0,0,1,2,2,1,1
"159","lcl|c241444_g1_i2|m.28576",12,10,8,8,12,8,11,13,13,10,11,8
"160","lcl|c241803_g5_i1|m.28948",1,3,4,2,5,4,1,0,0,3,2,4
"161","lcl|c241874_g1_i11|m.29053",6,4,4,3,5,3,3,4,4,5,3,3
"162","lcl|c241874_g1_i1|m.29042",5,4,3,3,5,2,3,4,4,8,5,5
"163","lcl|c241874_g1_i1|m.29044",1,2,1,2,1,1,1,1,1,2,3,1
"164","lcl|c241916_g1_i1|m.29146",5,5,4,3,3,3,4,3,2,4,4,4
"165","lcl|c241916_g1_i7|m.29148",3,3,2,1,1,3,3,2,3,2,3,3
"166","lcl|c216448_g1_i1|m.4592",4,6,3,4,4,3,3,4,2,3,3,3
"167","lcl|c242373_g3_i2|m.29725",6,8,8,5,5,8,3,7,7,10,9,10
"168","lcl|c242605_g3_i3|m.30024",1,0,2,3,0,0,1,1,2,2,0,1
"169","lcl|c242633_g1_i1|m.30058",20,16,11,15,11,12,16,17,13,18,16,18
"170","lcl|c242709_g1_i2|m.30167",2,1,1,1,1,1,0,1,2,1,2,2
"171","lcl|c242743_g1_i1|m.30188",36,30,32,33,25,32,32,45,33,42,41,42
"172","lcl|c242868_g4_i4|m.30303",5,7,8,12,11,10,4,10,10,14,11,13
"173","lcl|c242894_g3_i1|m.30343",4,3,4,5,2,3,3,2,1,2,2,1
"174","lcl|c242924_g1_i1|m.30399",5,8,4,6,6,4,3,7,6,5,5,3
"175","lcl|c243010_g3_i1|m.30515",4,5,9,7,8,6,2,4,4,8,7,9
"176","lcl|c216467_g10_i1|m.4595",0,0,3,6,3,4,6,5,0,0,0,0
"177","lcl|c243059_g4_i3|m.30568",1,1,3,2,2,3,3,2,0,1,2,3
"178","lcl|c243393_g3_i1|m.30930",8,4,7,7,6,6,4,10,5,8,9,8
"179","lcl|c224624_g2_i1|m.10023",4,5,6,5,5,3,4,3,3,5,5,5
"180","lcl|c235513_g2_i1|m.20994",4,5,3,3,4,3,3,5,5,4,4,4
"181","lcl|c224624_g4_i1|m.10025",3,4,2,3,3,4,3,4,3,3,3,4
"182","A0A1Q9E3T1",2,2,2,2,2,1,2,3,2,3,2,3
"183","lcl|c243476_g1_i5|m.31012",2,1,1,1,2,1,5,2,2,1,0,1
"184","lcl|c243493_g3_i2|m.31028",6,4,4,6,5,5,4,6,5,4,6,7
"185","lcl|c243724_g1_i1|m.31250",1,1,0,0,1,1,0,0,2,1,1,1
"186","lcl|c243813_g3_i2|m.31355",4,1,4,4,1,3,2,3,3,4,3,3
"187","lcl|c243899_g1_i1|m.31481",85,78,68,74,64,84,79,108,60,66,93,87
"188","lcl|c243899_g1_i1|m.31483",2,2,2,2,2,2,3,4,2,1,1,4
"189","lcl|c318732_g1_i1|m.32501",5,2,3,6,4,3,6,3,4,3,5,6
"190","lcl|c216467_g8_i2|m.4597",0,0,1,2,1,0,3,1,0,0,0,0
"191","P51874",13,12,36,27,22,21,10,14,11,13,11,13
"192","W0U0M6",11,12,26,25,19,18,11,13,13,17,11,12
"193","Q8H1I6",13,11,24,18,18,18,11,16,12,18,11,13
"194","Q8H1K1",5,6,21,20,14,12,5,6,6,7,6,6
"195","G9I8Q8",8,7,17,9,10,10,7,9,9,9,8,9
"196","G9I8M3",8,11,7,8,11,12,8,10,10,11,10,9
"197","G9I8N4",7,9,8,9,11,10,6,8,8,10,8,7
"198","G9I8T2",12,12,26,21,19,19,11,13,13,17,11,12
"199","Q8H1I5",4,5,17,13,11,11,4,6,6,7,3,5
"200","Q8H1I9",7,7,16,16,14,13,6,8,7,10,7,6
"201","G9I8B1",7,9,9,10,10,10,6,8,8,10,8,7
"202","Q8GTI9",4,5,5,5,4,5,3,5,4,7,3,3
"203","Q8GTH8",2,2,2,2,2,2,3,1,2,2,2,2
"204","Q41406",6,5,4,8,8,6,2,7,3,3,5,4
"205","A0A1Q9DR48",3,3,0,2,1,1,2,1,1,1,1,1
"206","T1PVA4",1,2,1,4,4,4,0,3,0,1,1,2
"207","A0A1Q9F6P7",3,3,0,1,1,1,1,1,2,1,1,1
"208","A0A060BFZ1",1,0,2,2,0,1,2,0,1,1,1,1
"209","A0A0A0N2N8",2,2,4,2,1,1,2,4,1,1,1,3
"210","A0A0A0N2T0",1,1,5,2,2,3,2,1,1,0,3,1
"211","A0A1Q9C1P9",1,1,3,2,3,2,1,1,3,1,2,2
"212","A0A1Q9C7N1",15,17,16,23,18,23,13,16,16,21,18,19
"213","A0A1Q9C885",8,11,10,9,8,5,9,9,10,9,6,10
"214","A0A1Q9CVG7",5,7,9,3,6,5,4,5,4,5,5,6
"215","E0WED2",5,7,10,10,8,4,6,7,7,7,4,7
"216","E0WEC7",3,3,9,8,3,3,3,3,3,2,3,2
"217","E0WED5",4,2,5,8,5,4,2,2,3,3,4,3
"218","A0A1Q9DYG4",6,6,3,2,4,3,5,5,5,4,6,4
"219","A0A1Q9C7X7",0,0,7,8,2,1,0,0,0,0,0,0
"220","E0WED1",2,1,4,4,3,2,1,1,1,2,2,1
"221","A0A1Q9DSM1",2,2,6,5,3,1,2,3,3,3,1,3
"222","A0A1Q9F016",2,2,1,2,2,1,2,2,2,2,2,2
"223","A0A1Q9CMD4",2,2,1,0,2,2,2,2,2,2,2,2
"224","lcl|c216470_g1_i10|m.4604",2,1,1,1,2,1,2,2,1,1,2,2
"225","A0A1Q9CBC6",7,6,7,9,8,5,8,8,7,6,6,5
"226","A0A1Q9D7G5",5,4,3,4,4,3,4,4,4,3,3,3
"227","WP_022693691.1",3,4,3,4,4,4,5,3,4,4,4,4
"228","A0A1Q9DYJ8",0,0,0,0,0,0,2,1,0,1,1,0
"229","WP_027137498.1",4,4,4,4,3,3,3,4,4,3,4,4
"230","WP_013065971.1",4,4,3,4,3,2,4,4,5,3,4,4
"231","A0A1Q9CDH4",0,0,2,1,0,0,0,0,0,0,0,0
"232","A0A1Q9CHC2",1,2,2,2,2,2,1,2,1,1,1,1
"233","A0A1Q9CQG9",1,2,2,3,1,1,1,2,1,1,1,1
"234","A0A1Q9CHP1",1,2,2,2,1,1,1,2,1,1,2,1
"235","A0A1Q9CPY5",8,10,11,14,14,14,10,7,8,9,10,12
"236","A0A1Q9DQX7",7,9,7,9,13,10,8,5,7,8,6,9
"237","A0A1Q9C9D1",7,10,9,12,14,12,8,5,7,8,8,10
"238","A0A1Q9CRH0",2,1,1,1,2,1,1,1,1,2,1,2
"239","A0A1Q9CVS1",1,2,1,1,1,1,2,1,1,1,1,1
"240","A0A1Q9CZF9",0,0,3,2,1,1,1,1,2,1,1,0
"241","A0A1Q9D1Z6",0,1,0,0,0,0,0,0,0,2,0,1
"242","A0A1Q9D382",0,0,1,2,0,0,0,0,0,0,0,0
"243","A0A1Q9D779",2,1,4,1,2,2,0,0,1,1,2,1
"244","A0A1Q9DLC5",1,3,3,3,2,1,1,4,2,3,2,2
"245","A0A1Q9E2U7",9,8,8,7,7,7,6,6,7,8,8,8
"246","WP_115937307.1",8,8,8,6,7,7,6,5,5,8,8,9
"247","WP_058239564.1",7,6,8,6,7,6,6,7,5,7,6,8
"248","WP_109760918.1",7,6,8,6,7,6,6,7,5,8,6,7
"249","WP_105734303.1",7,5,8,6,7,6,5,5,4,6,6,6
"250","WP_109684014.1",3,3,3,3,3,3,4,3,2,3,3,3
"251","A0A1Q9EFP5",1,2,2,2,1,2,3,4,1,2,2,2
"252","A0A1Q9EQG6",0,0,1,0,0,1,0,0,0,0,0,1
"253","A0A1Q9F1Q8",2,1,0,1,1,1,0,1,0,2,1,0
"254","D1MW22",3,3,3,4,1,3,1,1,1,2,3,2
"255","E0WEC9",3,2,6,3,3,2,2,2,2,3,3,2
"256","A0A1Q9D7P1",2,1,3,3,3,2,3,1,1,2,2,2
"257","lcl|c216567_g2_i2|m.4643",0,1,1,2,6,6,0,0,0,2,2,4
"258","E0WED6",0,0,1,2,0,0,0,0,0,0,0,0
"259","E0WED8",1,1,1,3,1,1,1,1,1,1,1,1
"260","Q2XWU1",4,6,6,7,6,7,5,5,6,6,6,6
"261","lcl|c222682_g3_i1|m.8524",3,4,2,3,2,2,1,3,3,2,2,2
"262","Q7XJJ4",2,3,5,3,2,3,3,4,3,1,3,2
"263","Q76EH9",1,2,4,1,3,1,2,3,1,0,2,2
"264","R4QWT4",2,0,6,5,1,1,2,3,2,1,1,1
"265","U6EFN7",5,4,7,7,4,5,4,5,4,4,5,6
"266","Q5DWS8",4,5,3,4,4,5,3,5,3,4,4,5
"267","Q5DWT3",4,4,5,5,3,5,3,4,3,3,4,4
"268","U6EFR9",2,0,2,2,1,1,1,1,0,0,2,2
"269","WP_034840354.1",0,0,1,0,0,1,0,0,0,1,0,0
"270","WP_105001251.1",0,0,0,0,1,0,0,1,1,0,0,0
"271","lcl|c216598_g2_i1|m.4667",1,2,2,2,1,2,1,1,1,1,0,1
"272","WP_109758225.1",1,0,0,0,0,0,0,0,0,0,1,0
"273","WP_115921539.1",0,0,0,0,0,0,2,0,0,0,0,0
"274","WP_162144632.1",0,0,1,0,0,0,0,1,0,0,0,0
"275","lcl|c206556_g1_i2|m.1565",1,0,1,0,1,0,1,0,1,0,2,1
"276","lcl|c208691_g4_i1|m.1828",1,1,2,1,1,1,1,1,1,1,1,1
"277","lcl|c212827_g4_i1|m.2867",0,0,0,0,1,0,0,0,0,1,0,0
"278","lcl|c213259_g2_i1|m.3003",1,0,0,0,0,0,0,0,1,1,1,1
"279","WP_212690911.1",0,0,0,0,0,0,0,0,0,2,0,0
"280","lcl|c216621_g3_i1|m.4676",7,4,3,3,6,4,5,7,3,3,6,6
"281","lcl|c215397_g1_i1|m.4004",1,1,0,0,1,1,2,1,1,1,1,1
"282","lcl|c216308_g10_i1|m.4522",1,1,1,1,1,1,2,1,1,1,0,1
"283","lcl|c216467_g8_i1|m.4596",1,1,0,0,1,1,0,0,1,2,0,0
"285","lcl|c218222_g6_i2|m.5640",0,0,0,1,0,2,0,0,0,1,1,1
"286","lcl|c221232_g2_i1|m.7495",0,0,0,0,0,0,1,0,1,0,0,0
"287","lcl|c221514_g6_i1|m.7698",1,1,1,2,0,0,1,1,2,1,1,2
"288","lcl|c222797_g7_i2|m.8616",1,1,0,1,0,2,0,0,0,1,1,1
"289","lcl|c216642_g2_i1|m.4689",1,2,1,1,0,2,1,1,1,0,3,0
"290","lcl|c224809_g3_i1|m.10148",0,0,0,0,1,1,0,0,0,1,0,2
"291","lcl|c225593_g2_i3|m.10759",0,1,1,0,2,1,0,0,0,1,1,1
"292","lcl|c226978_g9_i3|m.11996",2,0,1,1,1,1,1,0,0,1,1,1
"293","lcl|c229110_g2_i1|m.13970",0,1,1,1,1,0,0,0,1,0,1,0
"294","lcl|c230413_g1_i5|m.15274",0,2,0,1,1,1,1,2,1,1,1,1
"295","lcl|c216650_g2_i1|m.4697",2,2,1,1,2,2,1,3,3,3,4,3
"296","lcl|c230551_g2_i3|m.15412",1,1,1,0,0,1,0,0,1,1,1,1
"297","lcl|c230632_g1_i6|m.15498",1,2,0,1,1,1,0,1,1,0,0,0
"298","lcl|c231328_g4_i1|m.16133",1,1,1,2,1,1,2,0,1,1,0,1
"299","lcl|c231789_g3_i2|m.16623",0,0,0,0,1,1,0,0,2,1,1,0
"300","lcl|c232555_g1_i2|m.17516",1,0,0,0,0,0,1,0,0,1,0,0
"301","lcl|c232783_g1_i1|m.17764",0,1,0,0,0,1,0,1,1,1,1,2
"302","lcl|c233217_g1_i2|m.18284",1,2,1,1,1,0,0,0,0,1,0,1
"303","lcl|c233547_g4_i3|m.18699",1,0,1,2,0,0,2,1,1,1,1,2
"304","lcl|c216702_g5_i1|m.4730",5,3,1,4,2,2,4,2,2,3,4,6
"305","lcl|c234135_g3_i2|m.19525",0,0,2,1,1,1,1,0,0,2,1,1
"306","lcl|c234474_g1_i1|m.19866",0,2,0,0,1,0,0,1,1,0,0,0
"307","lcl|c235743_g4_i1|m.21296",0,1,0,1,1,1,1,0,1,2,1,1
"308","lcl|c235847_g2_i10|m.21377",1,1,1,1,1,1,1,1,1,1,2,1
"309","lcl|c236135_g4_i5|m.21746",0,0,2,0,1,1,0,0,0,0,1,0
"310","lcl|c236286_g4_i1|m.21959",2,0,1,0,1,0,0,0,1,0,0,1
"311","lcl|c237302_g7_i1|m.23137",0,0,0,1,0,0,2,0,1,1,0,1
"312","lcl|c216848_g3_i4|m.4809",12,7,8,6,5,6,5,9,4,8,8,11
"313","lcl|c238388_g6_i1|m.24455",1,0,0,1,1,0,2,1,0,1,0,1
"314","lcl|c238393_g3_i1|m.24472",0,0,0,0,0,1,0,1,0,0,0,1
"315","lcl|c239670_g2_i1|m.26141",0,1,1,1,0,1,1,1,0,1,1,1
"316","lcl|c240488_g1_i6|m.27324",0,0,1,0,1,2,0,0,0,0,0,0
"317","lcl|c240737_g2_i6|m.27678",0,1,0,1,1,1,0,1,1,1,1,1
"318","lcl|c241824_g2_i8|m.28976",0,0,0,1,2,2,0,0,0,1,0,1
"319","lcl|c216856_g6_i1|m.4812",1,2,1,2,1,1,0,0,0,1,1,1
"320","lcl|c242303_g4_i4|m.29632",1,1,1,1,0,1,1,0,0,2,1,2
"321","lcl|c244042_g2_i1|m.31671",1,0,1,1,1,1,0,0,1,1,0,2
"322","lcl|c244121_g1_i1|m.31770",1,1,1,1,1,2,1,1,1,1,1,1
"323","lcl|c244515_g4_i1|m.32348",2,0,0,0,1,2,1,1,1,1,1,1
"324","lcl|c98777_g1_i1|m.32741",1,1,2,1,1,2,1,1,1,1,1,1
"325","A0A1Q9CTT4",0,1,0,0,0,0,0,0,0,1,0,1
"326","A0A1Q9DKW0",1,2,1,0,1,2,0,4,1,1,2,2
"327","A0A1Q9E9V0",1,0,2,1,1,1,0,2,0,1,0,1
"328","A0A1Q9EC21",1,0,1,1,1,1,1,1,0,0,1,0
"329","lcl|c216942_g4_i3|m.4860",3,3,4,5,5,5,3,4,2,3,6,5
"330","WP_005463577.1",1,0,1,0,0,0,0,0,0,0,0,0
"331","lcl|c214821_g1_i3|m.3690",0,0,1,0,0,0,1,0,1,1,0,0
"332","lcl|c218655_g2_i5|m.5887",1,0,1,1,1,1,0,0,2,1,1,1
"333","lcl|c219088_g3_i5|m.6180",0,1,0,0,0,1,0,0,0,0,0,0
"334","lcl|c221832_g4_i5|m.7893",0,0,0,0,1,1,0,0,0,0,0,0
"335","lcl|c229494_g4_i7|m.14309",0,1,1,2,1,1,0,0,0,1,1,2
"336","lcl|c217046_g2_i2|m.4921",1,2,2,2,1,1,2,2,2,2,2,2
"337","lcl|c230276_g3_i1|m.15112",1,1,1,1,1,2,1,0,1,1,1,1
"338","lcl|c236114_g1_i1|m.21718",1,1,1,1,1,1,2,1,1,1,1,1
"339","lcl|c239835_g2_i1|m.26401",1,1,0,2,0,1,0,2,2,2,2,2
"340","A0A1Q9D706",0,0,1,1,0,0,0,0,0,1,0,0
"341","RTZ78480.1",0,2,0,0,0,0,0,0,0,0,0,0
"342","WP_066017000.1",0,0,0,0,0,1,1,1,0,0,0,1
"343","lcl|c117436_g1_i1|m.70",0,1,0,1,2,1,0,0,0,1,0,1
"344","lcl|c210228_g3_i1|m.2141",1,1,1,0,1,1,0,0,0,0,0,0
"345","lcl|c213278_g3_i2|m.3010",2,1,1,1,1,1,1,1,1,0,1,1
"346","lcl|c219809_g4_i2|m.6579",2,1,2,1,1,2,1,1,0,0,1,0
"347","lcl|c220166_g5_i1|m.6776",0,2,1,0,1,1,0,0,1,2,0,2
"348","lcl|c222730_g7_i1|m.8585",0,0,0,0,1,1,1,0,0,0,1,2
"349","lcl|c222905_g1_i3|m.8695",1,0,0,1,1,1,0,1,1,2,1,1
"350","lcl|c217447_g9_i5|m.5205",24,19,18,18,23,20,22,25,19,25,20,21
"351","lcl|c223274_g3_i1|m.8990",1,1,1,1,1,1,1,1,1,1,2,1
"352","lcl|c223775_g7_i2|m.9373",1,0,1,0,1,1,0,1,0,1,0,2
"353","lcl|c225584_g4_i4|m.10748",0,0,0,1,1,1,2,2,0,1,2,1
"354","lcl|c226592_g1_i2|m.11602",0,2,0,0,0,1,0,0,0,1,1,1
"355","lcl|c231252_g2_i1|m.16075",1,1,0,1,0,0,0,2,2,1,2,1
"356","lcl|c231482_g1_i2|m.16304",0,0,0,0,0,2,0,0,0,0,1,1
"357","lcl|c233069_g1_i3|m.18110",0,0,0,0,0,1,0,0,1,1,1,0
"358","WP_237217989.1",0,0,0,0,1,0,0,1,0,0,0,0
"359","lcl|c237420_g3_i1|m.23247",0,1,0,1,2,1,1,1,1,1,1,1
"361","lcl|c240630_g1_i1|m.27515",1,1,1,1,1,1,1,1,1,1,2,0
"362","A0A1Q9CP09",0,0,1,0,0,0,1,0,1,0,0,0
"363","A0A1Q9E1Q7",0,1,0,0,0,0,0,0,1,0,0,0
"364","lcl|c217573_g1_i1|m.5252",4,2,1,1,1,2,2,1,0,0,3,2
"365","A0A1Q9EWT8",0,0,0,0,0,0,0,2,0,0,0,0
"366","lcl|c211615_g1_i2|m.2471",0,0,1,0,0,0,0,1,1,0,1,0
"367","lcl|c230555_g2_i2|m.15415",0,1,0,2,1,1,0,0,0,1,0,1
"368","lcl|c230953_g1_i2|m.15824",1,1,0,0,0,0,1,1,1,0,0,0
"369","lcl|c231783_g1_i3|m.16612",0,0,0,0,0,0,0,1,0,0,1,2
"370","lcl|c237638_g1_i15|m.23528",1,0,1,1,1,1,0,0,2,1,1,1
"371","lcl|c238164_g1_i1|m.24182",1,1,0,1,2,1,1,0,1,1,1,1
"372","A0A1Q9D0I8",0,0,1,2,0,0,0,1,0,0,1,0
"373","A0A1Q9D502",1,0,0,0,1,0,0,0,0,0,0,0
"374","lcl|c217576_g1_i1|m.5259",1,1,4,2,4,5,4,7,0,2,5,5
"375","WP_068116143.1",0,0,1,1,1,2,0,0,0,1,0,1
"376","lcl|c232607_g4_i4|m.17601",1,2,1,0,1,1,0,0,0,1,1,0
"377","lcl|c217654_g5_i4|m.5303",4,6,7,7,6,7,4,3,3,10,7,12
"378","lcl|c202129_g1_i1|m.1242",0,1,1,2,2,1,0,1,0,0,1,2
"379","lcl|c201441_g1_i1|m.1204",0,0,1,0,1,0,1,1,0,0,0,1
"380","lcl|c210750_g1_i4|m.2274",1,0,0,2,1,0,1,1,0,0,0,0
"381","lcl|c228380_g1_i2|m.13296",0,0,1,2,1,0,1,0,0,1,0,0
"382","A0A1Q9CKP9",1,1,0,0,1,1,1,2,0,0,1,0
"383","lcl|c225902_g3_i1|m.11046",0,1,1,0,0,1,1,0,0,1,0,0
"385","lcl|c217792_g3_i1|m.5367",1,1,0,1,1,1,1,1,1,1,2,1
"386","lcl|c218043_g6_i11|m.5511",1,1,1,1,1,1,1,2,1,1,1,1
"391","lcl|c217808_g1_i5|m.5370",15,12,19,15,14,16,13,15,19,16,15,17
"392","lcl|c219842_g1_i1|m.6611",0,0,0,0,1,0,0,0,1,0,1,1
"394","lcl|c209311_g3_i4|m.1947",0,0,1,0,1,1,0,0,0,1,0,2
"396","lcl|c217834_g1_i3|m.5399",3,1,1,1,1,1,1,3,2,1,1,2
"398","lcl|c219749_g3_i4|m.6554",0,0,0,0,1,1,0,0,0,2,1,1
"403","lcl|c217887_g8_i2|m.5422",0,0,0,0,1,2,1,0,0,0,0,0
"407","lcl|c221039_g3_i2|m.7343",0,0,0,0,1,0,0,1,1,2,0,0
"410","lcl|c218043_g2_i3|m.5510",2,0,0,0,1,0,0,0,0,0,1,2
"411","lcl|c239959_g1_i6|m.26571",0,0,0,0,0,2,0,0,0,1,0,0
"412","lcl|c108423_g2_i1|m.37",0,3,4,2,3,3,1,0,1,1,1,3
"413","lcl|c218053_g2_i1|m.5517",1,1,1,1,1,2,0,1,0,1,2,1
"417","lcl|c218119_g1_i3|m.5570",4,6,5,3,2,3,2,3,3,2,4,3
"418","lcl|c224725_g2_i1|m.10089",0,2,1,0,0,1,0,0,0,0,1,0
"419","lcl|c234981_g4_i1|m.20476",1,0,0,0,1,0,1,0,1,0,1,1
"420","lcl|c218123_g3_i2|m.5572",3,3,3,1,1,3,4,4,2,3,3,3
"421","lcl|c218197_g1_i1|m.5617",5,6,5,6,5,5,6,6,6,7,4,3
"422","lcl|c218374_g4_i1|m.5754",2,2,2,1,2,2,3,2,2,2,2,2
"424","lcl|c218375_g1_i1|m.5756",4,5,5,3,4,4,3,6,5,6,5,4
"425","lcl|c218513_g6_i3|m.5817",1,1,1,1,1,1,2,2,1,1,2,2
"427","lcl|c218656_g1_i1|m.5888",0,0,1,1,3,2,0,0,0,1,0,0
"433","lcl|c218703_g1_i4|m.5907",4,4,4,3,2,3,4,4,4,2,4,4
"439","lcl|c218722_g1_i2|m.5914",3,1,2,4,2,2,2,2,1,3,1,4
"445","lcl|c129724_g1_i1|m.160",2,9,11,11,12,14,1,1,4,10,8,10
"446","lcl|c218748_g1_i1|m.5931",2,1,2,2,1,1,3,2,1,2,2,2
"457","lcl|c218789_g1_i2|m.5965",2,3,3,3,2,3,3,4,4,3,2,2
"466","lcl|c218814_g3_i7|m.5970",1,1,1,3,2,1,2,1,1,1,1,1
"468","lcl|c218820_g4_i2|m.5974",4,2,3,1,2,4,2,2,1,1,1,3
"470","lcl|c218842_g3_i2|m.5986",7,8,4,7,8,3,6,6,5,7,6,7
"479","lcl|c218842_g3_i2|m.5987",4,4,5,5,6,5,6,5,6,8,6,6
"490","lcl|c218872_g2_i3|m.6012",4,3,1,3,3,5,3,4,5,5,3,2
"501","lcl|c218968_g13_i2|m.6105",2,1,1,1,2,1,2,1,0,1,1,1
"512","lcl|c219122_g1_i1|m.6195",3,2,1,1,3,2,2,3,2,2,1,1
"523","lcl|c219131_g1_i2|m.6201",1,3,2,0,5,2,0,0,1,2,1,0
"534","lcl|c145576_g1_i1|m.265",0,2,0,0,0,1,1,2,2,0,2,2
"535","lcl|c219184_g1_i2|m.6256",3,3,2,2,1,3,2,3,1,3,5,2
"546","lcl|c219194_g2_i4|m.6260",0,1,2,1,2,2,0,0,0,0,2,1
"577","lcl|c219462_g5_i2|m.6388",0,0,0,1,2,0,1,0,0,0,1,0
"588","lcl|c219500_g1_i1|m.6420",0,1,0,1,1,1,0,0,0,0,1,3
"599","lcl|c219556_g4_i1|m.6446",1,4,3,3,4,2,1,3,2,3,3,3
"610","lcl|c219601_g1_i1|m.6471",19,17,18,14,13,17,10,21,16,15,17,16
"621","lcl|c219636_g2_i1|m.6494",6,2,4,3,3,3,3,4,2,3,4,3
"632","lcl|c219636_g2_i3|m.6495",5,3,5,3,3,3,3,4,3,3,3,2
"642","lcl|c160676_g1_i1|m.404",3,7,7,6,7,10,2,3,1,8,6,11
"643","lcl|c219704_g3_i2|m.6534",2,5,6,7,8,3,1,2,1,5,4,6
"654","lcl|c219817_g1_i3|m.6593",4,2,1,1,2,2,1,0,0,1,1,0
"665","lcl|c219828_g4_i5|m.6597",8,5,2,1,1,2,3,9,5,6,3,2
"676","lcl|c219841_g6_i1|m.6610",2,2,1,2,2,2,2,1,3,3,2,1
"687","lcl|c219870_g5_i1|m.6620",3,3,2,1,2,0,2,2,1,3,0,2
"698","lcl|c219901_g4_i1|m.6631",4,2,1,1,2,1,3,1,2,1,3,4
"719","lcl|c220008_g2_i5|m.6705",2,3,3,2,2,3,2,3,2,4,3,2
"730","lcl|c220052_g1_i2|m.6740",0,0,1,1,2,0,2,0,0,0,1,1
"741","lcl|c220142_g1_i3|m.6768",2,1,1,1,1,1,1,1,1,1,1,1
"752","lcl|c161959_g2_i1|m.413",4,2,3,3,4,4,3,3,4,5,3,4
"753","lcl|c220191_g1_i1|m.6799",2,1,2,2,3,2,3,2,1,3,2,4
"764","lcl|c220252_g1_i3|m.6839",1,2,1,2,1,2,1,2,2,2,2,1
"775","lcl|c220300_g3_i1|m.6859",15,12,13,12,10,12,11,13,11,12,16,13
"786","lcl|c220319_g5_i1|m.6862",1,2,1,1,2,2,0,1,1,2,2,2
"797","lcl|c220475_g1_i1|m.6962",3,1,2,2,2,1,2,2,3,2,2,2
"808","lcl|c220485_g3_i1|m.6974",0,0,0,0,0,0,0,0,4,4,3,3
"810","lcl|c220748_g5_i2|m.7116",11,10,14,16,15,14,12,13,7,17,11,21
"811","lcl|c220845_g6_i1|m.7197",2,2,0,1,3,1,1,4,5,3,1,2
"812","lcl|c220897_g5_i4|m.7224",0,1,1,1,1,1,1,1,1,1,1,0
"813","lcl|c163027_g1_i3|m.422",7,6,6,7,5,7,4,10,4,9,5,7
"814","lcl|c220899_g1_i2|m.7227",0,3,1,1,3,4,0,0,1,2,2,4
"815","lcl|c221039_g1_i2|m.7339",1,2,3,2,1,2,3,2,2,2,3,2
"816","lcl|c221077_g1_i1|m.7374",12,12,4,8,9,7,10,13,8,9,8,11
"817","lcl|c221114_g2_i1|m.7405",3,3,2,3,2,1,0,1,1,3,1,3
"818","lcl|c221238_g1_i4|m.7502",2,1,1,2,1,1,2,0,1,4,2,3
"820","lcl|c221396_g5_i1|m.7603",2,0,6,3,2,2,1,0,3,5,11,6
"821","lcl|c221444_g1_i1|m.7638",4,1,2,1,3,2,3,0,2,2,1,2
"823","lcl|c221464_g1_i3|m.7656",1,2,2,1,2,2,2,2,2,2,2,2
"824","lcl|c221662_g2_i4|m.7775",2,2,3,1,2,2,2,3,1,3,2,3
"825","lcl|c164490_g1_i1|m.440",1,1,2,1,2,1,1,1,1,3,3,3
"826","lcl|c221675_g7_i4|m.7785",1,1,1,1,1,1,0,0,1,1,0,1
"828","lcl|c221676_g4_i4|m.7786",0,1,0,0,1,0,0,1,1,1,0,2
"829","lcl|c221736_g1_i11|m.7820",5,4,6,5,6,8,1,4,2,5,5,9
"832","lcl|c221753_g3_i7|m.7844",2,1,2,0,2,3,1,0,1,2,2,2
"834","lcl|c221774_g2_i1|m.7854",1,2,3,1,1,3,0,0,2,1,3,4
"840","lcl|c221849_g1_i2|m.7917",2,2,1,2,1,2,2,2,2,2,2,1
"844","lcl|c221855_g2_i3|m.7925",1,1,1,2,1,1,1,2,2,1,3,2
"848","lcl|c221884_g1_i3|m.7955",1,6,4,8,7,8,1,0,1,7,3,7
"856","lcl|c221925_g1_i3|m.7988",3,2,2,1,3,3,2,1,3,2,2,3
"865","lcl|c221967_g2_i3|m.8016",2,5,5,4,6,7,2,2,3,3,4,6
"873","lcl|c167034_g1_i1|m.471",0,1,3,4,2,3,0,0,0,4,3,2
"874","lcl|c221999_g1_i4|m.8036",3,7,7,7,7,8,2,0,5,5,6,7
"880","lcl|c222155_g2_i1|m.8138",3,5,2,4,2,2,4,7,2,2,3,7
"888","lcl|c222186_g2_i2|m.8151",2,2,2,1,1,1,2,2,1,2,1,1
"895","lcl|c222197_g1_i5|m.8163",2,1,1,2,1,2,1,1,1,2,0,3
"906","lcl|c222276_g1_i3|m.8231",4,3,7,7,6,5,8,6,7,7,7,6
"915","lcl|c222286_g2_i1|m.8232",1,0,0,0,0,0,0,0,2,0,0,0
"920","lcl|c222306_g8_i4|m.8236",3,1,2,1,2,3,1,1,2,2,2,1
"922","lcl|c222398_g1_i4|m.8303",0,1,2,2,2,2,0,0,0,2,2,2
"923","lcl|c222399_g1_i2|m.8304",1,0,2,0,2,1,2,1,1,2,2,2
"924","lcl|c169761_g1_i1|m.505",0,0,2,2,0,0,0,0,0,0,0,0
"925","lcl|c222436_g10_i1|m.8337",2,1,1,1,3,1,1,2,1,3,3,4
"927","lcl|c222484_g2_i1|m.8393",4,5,4,2,5,6,4,7,7,7,7,1
"928","lcl|c222526_g1_i2|m.8408",1,4,2,2,4,3,0,1,0,4,1,3
"929","lcl|c222555_g2_i4|m.8428",5,4,5,4,5,3,2,4,6,6,3,7
"930","lcl|c222558_g2_i4|m.8433",2,2,2,2,2,1,2,1,3,1,1,1
"931","lcl|c222639_g5_i2|m.8480",5,9,9,9,10,8,3,7,5,13,6,9
"932","lcl|c222727_g3_i2|m.8582",7,5,4,4,1,5,3,6,3,6,6,5
"933","lcl|c222929_g2_i3|m.8717",3,4,2,4,3,2,2,2,3,4,2,3
"934","lcl|c169842_g1_i1|m.507",11,19,14,23,21,21,8,7,9,19,17,30
"935","lcl|c222937_g2_i3|m.8724",1,2,2,1,2,3,3,2,2,3,2,3
"936","lcl|c222950_g5_i7|m.8739",5,6,11,10,11,9,6,3,4,10,7,8
"937","lcl|c222971_g1_i1|m.8762",1,0,1,0,2,2,0,1,2,1,1,2
"938","lcl|c223077_g2_i1|m.8858",3,3,1,2,1,1,4,3,8,3,4,6
"939","lcl|c223139_g3_i2|m.8898",2,5,2,3,2,3,2,4,3,3,3,3
"940","lcl|c223163_g2_i2|m.8916",0,0,2,1,2,1,0,0,0,1,1,2
"941","lcl|c223205_g4_i1|m.8934",5,4,2,4,4,3,6,4,4,5,4,5
"942","lcl|c223239_g4_i2|m.8965",4,2,2,2,2,2,3,1,3,3,3,3
"943","lcl|c223247_g3_i6|m.8971",3,2,2,2,1,1,3,3,5,3,2,3
"944","lcl|c223475_g2_i9|m.9154",0,1,1,1,0,0,0,1,1,1,0,0
"945","lcl|c179980_g2_i2|m.640",0,2,1,2,2,2,1,0,2,2,1,2
"946","lcl|c223556_g1_i6|m.9203",1,3,2,2,3,2,3,2,2,2,2,3
"947","lcl|c223561_g2_i1|m.9204",3,2,2,1,3,2,3,2,3,2,3,2
"948","lcl|c223604_g1_i1|m.9235",0,0,0,0,0,0,1,1,1,1,0,0
"949","lcl|c223616_g1_i1|m.9252",6,4,4,4,4,7,5,7,7,8,8,7
"950","lcl|c223677_g1_i1|m.9303",4,3,1,4,3,2,2,5,3,3,2,6
"951","lcl|c223716_g4_i1|m.9328",3,5,0,4,1,1,2,4,3,4,2,4
"952","lcl|c223808_g2_i1|m.9405",2,1,4,2,1,2,3,1,5,2,2,0
"953","lcl|c223842_g4_i5|m.9424",2,5,4,4,10,2,1,0,2,7,4,8
"954","lcl|c223849_g2_i2|m.9432",0,1,1,2,2,2,0,0,1,1,1,2
"955","lcl|c223870_g1_i6|m.9447",4,3,1,2,3,2,2,4,1,2,3,3
"956","lcl|c188047_g2_i2|m.760",4,6,3,4,4,8,3,5,8,8,7,10
"957","lcl|c223990_g2_i1|m.9532",2,2,3,2,1,1,1,1,2,2,0,2
"958","lcl|c224057_g7_i2|m.9572",1,0,1,1,2,2,1,2,3,1,3,2
"959","lcl|c224093_g2_i2|m.9595",0,3,2,3,4,3,0,1,1,3,3,3
"960","lcl|c224182_g8_i1|m.9652",1,2,1,2,0,1,1,2,2,3,0,1
"961","lcl|c224242_g3_i7|m.9677",5,4,3,5,6,4,3,3,3,8,6,8
"962","lcl|c224289_g1_i1|m.9705",4,2,3,5,5,3,5,3,4,2,4,4
"963","lcl|c224332_g10_i1|m.9746",1,1,2,2,1,0,2,2,2,1,4,2
"964","lcl|c224432_g1_i4|m.9787",17,16,14,14,15,18,14,13,14,17,16,15
"965","lcl|c224456_g4_i3|m.9819",2,1,2,2,2,1,1,1,2,2,2,2
"966","lcl|c224457_g1_i1|m.9820",1,2,2,1,2,1,4,2,1,1,1,1
"967","lcl|c224492_g1_i1|m.9850",0,0,0,0,1,1,0,1,2,1,0,1
"968","lcl|c224498_g4_i2|m.9859",2,0,1,0,1,1,0,0,1,1,1,0
"969","lcl|c224574_g1_i7|m.9961",0,0,0,0,0,1,1,0,0,0,0,0
"970","lcl|c224580_g1_i1|m.9970",6,7,15,15,17,14,4,3,3,13,9,15
"971","lcl|c224597_g3_i1|m.10003",5,3,5,3,1,6,3,6,3,5,6,6
"972","lcl|c224667_g2_i1|m.10051",2,2,1,1,1,2,3,2,1,1,1,2
"973","lcl|c224672_g1_i1|m.10055",4,3,8,4,4,4,3,5,2,6,4,3
"974","lcl|c224672_g2_i1|m.10058",14,18,12,16,13,14,8,19,14,21,17,19
"975","lcl|c199545_g1_i1|m.1080",3,4,4,4,8,4,3,1,3,4,3,6
"976","lcl|c224772_g1_i1|m.10116",6,4,4,4,3,2,0,3,1,3,3,4
"977","lcl|c224772_g1_i1|m.10117",3,1,2,3,2,2,2,1,1,2,1,2
"978","lcl|c224781_g7_i2|m.10124",2,3,2,1,2,2,3,2,3,2,2,3
"979","lcl|c224863_g5_i1|m.10190",10,9,7,8,4,6,9,9,8,7,8,9
"980","lcl|c224890_g1_i1|m.10217",4,3,3,3,3,4,5,3,3,4,2,3
"981","lcl|c225009_g5_i8|m.10303",2,2,2,3,2,2,2,3,1,2,2,4
"982","lcl|c225015_g2_i1|m.10306",1,2,1,0,0,0,0,1,0,2,1,2
"983","lcl|c225281_g3_i2|m.10487",3,0,1,1,2,2,1,2,2,5,3,1
"984","lcl|c225352_g1_i1|m.10544",10,12,8,9,10,5,9,10,5,9,9,7
"985","lcl|c225538_g6_i2|m.10715",1,1,0,0,2,3,0,0,2,1,1,1
"986","lcl|c225568_g5_i1|m.10738",1,4,1,3,5,5,1,0,0,3,5,4
"987","lcl|c225590_g2_i4|m.10752",2,6,5,6,7,5,4,5,5,6,6,7
"988","lcl|c225593_g2_i3|m.10758",1,1,1,1,4,2,0,0,0,0,0,2
"989","lcl|c225668_g5_i2|m.10809",3,1,1,3,4,1,1,3,3,2,0,1
"990","lcl|c225713_g4_i1|m.10851",1,1,2,2,2,1,1,3,2,2,1,2
"991","lcl|c225761_g6_i1|m.10925",4,3,2,7,6,1,4,6,6,3,5,7
"992","lcl|c201141_g1_i1|m.1178",17,11,14,15,25,16,15,18,21,23,22,19
"993","lcl|c225867_g3_i1|m.11000",9,4,5,5,5,7,6,9,3,6,7,8
"994","lcl|c226046_g1_i2|m.11150",3,3,2,3,2,3,3,3,2,3,3,2
"995","lcl|c226079_g3_i1|m.11187",2,3,2,4,2,2,0,0,2,2,6,3
"996","lcl|c226084_g3_i2|m.11194",2,4,1,3,3,3,2,2,1,4,3,3
"997","lcl|c226189_g2_i2|m.11277",1,2,1,3,3,3,3,3,2,2,2,3
"998","lcl|c226211_g2_i1|m.11296",1,1,1,1,1,1,1,2,2,2,2,4
"999","lcl|c226216_g1_i2|m.11298",2,3,2,3,3,4,3,2,3,3,2,3
"1000","lcl|c201155_g1_i1|m.1182",6,4,4,5,7,5,2,6,4,5,4,5
"1001","lcl|c226287_g1_i2|m.11357",2,2,1,1,1,1,2,2,3,3,1,1
"1002","lcl|c226335_g2_i1|m.11421",3,7,6,7,9,6,3,1,4,6,7,12
"1003","lcl|c226344_g7_i1|m.11422",2,3,2,2,2,4,0,2,1,1,4,2
"1004","lcl|c226371_g1_i5|m.11440",1,2,2,2,3,4,0,0,1,2,1,2
"1005","lcl|c226389_g3_i1|m.11454",2,0,0,0,0,0,1,1,2,1,2,1
"1006","lcl|c226414_g3_i1|m.11460",2,2,1,0,1,1,1,2,1,1,2,3
"1007","lcl|c226445_g4_i2|m.11481",0,1,3,3,6,2,1,0,0,1,2,5
"1008","lcl|c226454_g2_i18|m.11489",0,1,0,1,0,2,0,0,0,2,0,1
"1009","lcl|c201413_g4_i1|m.1201",2,1,2,1,1,1,2,2,2,0,3,3
"1010","lcl|c226593_g2_i1|m.11607",5,6,3,4,8,5,6,6,3,7,6,6
"1011","lcl|c226613_g4_i1|m.11622",2,4,2,4,2,5,1,3,2,2,5,4
"1012","lcl|c226646_g2_i4|m.11674",1,1,2,4,1,0,3,2,2,2,2,1
"1013","lcl|c226715_g5_i2|m.11728",2,1,1,1,2,1,1,1,1,3,0,1
"1014","lcl|c226723_g5_i2|m.11731",7,5,6,8,9,9,6,10,9,10,8,11
"1015","lcl|c226756_g1_i2|m.11747",1,1,1,1,1,1,2,1,1,1,3,0
"1016","lcl|c226771_g1_i2|m.11774",2,1,1,1,0,1,2,0,1,0,1,1
"1017","lcl|c226774_g3_i2|m.11777",3,4,4,2,2,3,2,7,4,4,4,3
"1018","lcl|c226875_g2_i1|m.11884",2,3,3,2,2,4,1,0,0,3,1,3
"1019","lcl|c202472_g1_i1|m.1259",6,18,10,16,13,14,4,7,6,18,12,18
"1020","lcl|c226971_g4_i11|m.11980",1,2,1,2,2,1,2,2,1,1,1,1
"1021","lcl|c226990_g1_i2|m.12024",5,5,3,2,2,3,3,4,3,4,4,2
"1022","lcl|c227123_g7_i4|m.12180",0,1,1,1,2,1,1,1,1,1,1,2
"1023","lcl|c227136_g2_i8|m.12192",3,1,4,6,4,4,4,4,3,5,4,3
"1024","lcl|c227188_g1_i1|m.12222",3,3,3,2,7,7,2,3,5,5,4,4
"1025","lcl|c227265_g2_i4|m.12287",0,1,2,1,3,1,0,0,0,1,0,2
"1026","lcl|c227267_g3_i2|m.12289",1,1,3,1,1,1,0,1,1,1,2,0
"1027","lcl|c227290_g1_i5|m.12317",1,1,2,1,0,1,1,2,2,2,2,2
"1028","lcl|c227293_g2_i4|m.12320",2,3,3,2,3,3,4,4,3,3,5,3
"1029","lcl|c227297_g1_i3|m.12321",3,3,1,2,3,2,3,1,1,1,1,3
"1030","lcl|c227361_g2_i9|m.12363",3,5,3,5,6,4,1,3,2,1,5,6
"1031","lcl|c227414_g2_i1|m.12410",5,3,3,6,2,4,1,4,3,3,3,4
"1032","lcl|c227571_g1_i1|m.12592",1,1,0,0,1,2,0,0,0,0,2,2
"1033","lcl|c227657_g3_i1|m.12650",4,2,2,3,3,2,2,2,2,3,3,5
"1034","lcl|c227683_g10_i1|m.12674",8,4,4,6,5,5,6,6,5,4,6,12
"1035","lcl|c227713_g1_i1|m.12700",2,2,1,2,0,1,2,1,1,2,1,2
"1036","lcl|c227721_g2_i2|m.12707",8,8,5,5,5,7,6,9,8,7,6,6
"1037","lcl|c227738_g1_i4|m.12717",2,2,0,0,2,2,1,2,2,1,2,2
"1038","lcl|c227847_g4_i2|m.12829",0,0,2,0,1,1,0,0,1,2,4,2
"1039","lcl|c203193_g1_i1|m.1308",3,3,3,5,4,5,5,3,7,5,4,6
"1040","lcl|c227927_g4_i1|m.12894",1,1,1,0,1,2,1,1,0,1,1,0
"1041","lcl|c227928_g3_i2|m.12899",1,2,3,2,2,2,1,1,2,2,2,3
"1042","lcl|c227969_g2_i1|m.12933",4,0,4,3,4,2,4,2,1,3,2,4
"1043","lcl|c228016_g1_i1|m.12966",6,3,2,3,8,5,4,5,6,3,1,3
"1044","lcl|c228019_g7_i5|m.12973",2,2,2,3,3,3,4,4,4,4,3,2
"1045","lcl|c228038_g3_i1|m.12994",2,2,2,1,0,3,1,3,3,3,3,2
"1046","lcl|c228164_g3_i4|m.13090",0,2,2,2,3,2,1,1,1,3,2,3
"1047","lcl|c228221_g2_i9|m.13137",6,2,0,1,6,1,3,5,3,3,6,4
"1048","lcl|c228247_g2_i1|m.13162",4,7,3,3,4,4,6,5,3,4,5,4
"1049","lcl|c228317_g4_i1|m.13231",7,6,5,5,4,5,5,6,4,5,5,4
"1050","lcl|c228325_g7_i1|m.13245",1,1,1,1,0,1,1,1,1,3,2,2
"1051","lcl|c228390_g1_i2|m.13299",4,5,5,4,3,1,4,4,5,6,3,4
"1052","lcl|c228506_g1_i2|m.13379",14,14,11,12,16,16,10,10,9,13,13,17
"1053","lcl|c228524_g1_i1|m.13396",1,0,1,2,0,0,0,0,1,2,2,2
"1054","lcl|c228583_g6_i1|m.13441",7,4,2,2,2,3,2,4,4,5,3,5
"1055","lcl|c228621_g3_i1|m.13469",0,0,2,0,1,2,0,0,1,2,0,1
"1056","lcl|c228665_g3_i2|m.13504",3,3,2,1,2,2,1,4,4,3,2,1
"1057","lcl|c228692_g3_i3|m.13558",2,1,1,3,2,3,1,0,0,4,6,6
"1058","lcl|c228778_g1_i1|m.13644",2,0,2,1,1,0,1,1,2,1,3,2
"1059","lcl|c204986_g3_i2|m.1414",2,2,2,3,3,3,3,2,1,2,3,3
"1060","lcl|c228789_g1_i1|m.13647",5,3,2,3,2,1,5,6,3,1,5,4
"1061","lcl|c228838_g1_i2|m.13701",2,1,0,0,3,2,1,1,1,4,3,1
"1062","lcl|c228847_g1_i2|m.13712",4,3,4,2,4,5,5,4,3,6,4,3
"1063","lcl|c228868_g10_i1|m.13735",2,1,2,1,1,0,0,1,3,1,2,1
"1064","lcl|c228945_g3_i1|m.13808",6,11,7,9,11,9,7,3,8,10,9,9
"1065","lcl|c228994_g6_i1|m.13852",4,2,5,4,2,2,4,2,5,3,1,2
"1066","lcl|c229012_g1_i10|m.13873",0,1,1,1,0,1,0,1,0,0,1,0
"1067","lcl|c229025_g3_i1|m.13888",1,2,1,1,1,1,1,1,1,1,1,1
"1068","lcl|c229041_g1_i1|m.13901",1,2,1,1,2,3,1,2,3,2,0,2
"1069","lcl|c229093_g1_i2|m.13957",2,0,2,1,2,0,1,0,3,2,1,3
"1070","lcl|c205417_g1_i1|m.1460",9,7,7,8,8,8,11,10,8,10,11,12
"1071","lcl|c229134_g1_i1|m.13988",3,2,3,2,2,3,3,3,3,3,3,3
"1072","lcl|c229298_g2_i1|m.14136",9,10,7,12,11,7,7,13,7,10,7,12
"1073","lcl|c229310_g3_i5|m.14142",1,2,2,2,1,1,2,3,2,3,1,2
"1074","lcl|c229331_g1_i1|m.14165",0,2,0,0,0,1,0,2,1,1,2,0
"1075","lcl|c229340_g1_i1|m.14173",6,9,3,5,4,4,3,4,2,8,4,8
"1076","lcl|c229461_g3_i2|m.14279",1,2,2,1,0,2,1,1,0,1,2,2
"1077","lcl|c229515_g4_i2|m.14353",6,3,4,6,3,3,5,5,3,5,4,6
"1078","lcl|c229646_g1_i2|m.14480",4,1,2,2,2,1,3,1,2,2,2,3
"1079","lcl|c205554_g2_i2|m.1468",4,3,2,2,3,4,3,2,2,3,4,4
"1080","lcl|c229705_g1_i1|m.14556",4,9,8,8,11,9,2,3,3,13,9,14
"1081","lcl|c229735_g7_i1|m.14573",4,7,4,12,4,9,1,5,3,8,7,10
"1082","lcl|c229781_g4_i1|m.14624",11,9,10,7,10,10,12,8,7,13,12,12
"1083","lcl|c229808_g3_i3|m.14640",1,1,2,3,3,3,4,2,3,2,4,2
"1084","lcl|c229913_g3_i1|m.14763",5,6,5,2,6,5,4,5,3,6,4,5
"1085","lcl|c229917_g4_i4|m.14770",2,1,0,1,1,1,2,1,0,3,2,0
"1086","lcl|c229936_g2_i1|m.14790",0,3,1,1,2,1,2,1,1,2,3,3
"1087","lcl|c230034_g1_i1|m.14877",2,4,3,2,5,4,3,3,3,4,5,3
"1088","lcl|c230065_g1_i2|m.14908",2,1,1,0,1,2,2,2,2,1,1,2
"1089","lcl|c205697_g1_i1|m.1481",7,9,10,8,11,13,12,13,12,14,13,13
"1090","lcl|c230102_g4_i1|m.14957",2,1,3,2,1,1,1,2,1,2,2,2
"1091","lcl|c230104_g4_i1|m.14959",1,2,1,3,3,1,2,2,2,3,2,1
"1092","lcl|c230150_g4_i2|m.14989",2,1,1,2,3,2,1,1,1,1,2,3
"1093","lcl|c230171_g1_i1|m.15015",0,0,1,1,1,1,2,1,2,3,2,2
"1094","lcl|c230197_g3_i5|m.15044",4,2,4,2,4,2,2,3,5,4,3,5
"1095","lcl|c230270_g1_i2|m.15107",1,1,2,2,2,1,1,2,2,1,2,2
"1096","lcl|c230297_g1_i1|m.15137",3,3,3,3,1,2,3,4,4,3,3,5
"1097","lcl|c230355_g4_i3|m.15198",6,7,5,6,5,7,7,5,5,5,7,8
"1098","lcl|c230411_g4_i1|m.15261",1,0,1,0,1,0,1,0,2,1,2,1
"1099","lcl|c205892_g1_i1|m.1492",0,0,0,0,0,0,1,2,1,2,1,0
"1100","lcl|c230414_g1_i1|m.15275",0,0,2,1,3,5,0,0,1,4,4,2
"1101","lcl|c230486_g3_i2|m.15359",5,3,5,7,4,6,3,5,4,3,4,7
"1102","lcl|c230503_g4_i1|m.15369",1,0,1,2,1,1,1,5,2,2,2,1
"1103","lcl|c230570_g2_i2|m.15424",1,3,1,2,7,4,0,1,1,3,2,7
"1104","lcl|c230707_g4_i1|m.15549",1,1,1,1,2,1,2,1,1,1,1,1
"1105","lcl|c230758_g1_i1|m.15596",1,1,1,2,1,2,1,1,2,2,2,4
"1106","lcl|c230771_g2_i1|m.15607",6,7,6,11,8,9,5,8,4,8,6,11
"1107","lcl|c230960_g1_i5|m.15839",0,1,1,2,2,3,1,0,3,4,2,3
"1108","lcl|c231028_g3_i1|m.15895",0,0,1,0,2,2,1,0,0,1,0,0
"1109","lcl|c206357_g1_i1|m.1529",0,1,0,1,0,0,0,0,0,0,0,0
"1110","lcl|c231052_g3_i3|m.15929",2,3,6,2,4,6,4,3,4,3,4,6
"1111","lcl|c231083_g2_i1|m.15952",0,2,1,1,2,2,1,1,3,3,2,2
"1112","lcl|c231281_g6_i3|m.16097",17,16,17,15,20,19,11,15,9,16,16,21
"1113","lcl|c231310_g2_i3|m.16119",1,1,1,2,3,1,1,1,1,1,1,2
"1114","lcl|c231460_g1_i4|m.16283",2,0,0,1,0,1,1,2,1,1,3,1
"1115","lcl|c231698_g2_i1|m.16532",2,1,0,1,1,1,2,1,2,0,0,1
"1116","lcl|c231737_g1_i3|m.16576",1,1,1,0,1,1,0,0,0,1,1,1
"1117","lcl|c231744_g6_i2|m.16589",1,2,1,1,2,2,1,1,1,1,2,2
"1118","lcl|c231891_g1_i1|m.16759",10,6,7,5,12,8,6,6,6,9,8,6
"1119","lcl|c206427_g2_i1|m.1540",3,5,3,3,4,4,3,5,4,4,5,4
"1120","lcl|c231929_g5_i1|m.16788",1,1,0,1,1,3,2,2,2,1,2,1
"1121","lcl|c231931_g2_i1|m.16792",8,7,4,9,10,9,4,8,7,10,7,12
"1122","lcl|c231956_g3_i1|m.16823",0,1,1,1,2,2,0,0,0,1,1,0
"1123","lcl|c231988_g7_i3|m.16894",3,5,6,7,6,9,1,3,1,8,5,8
"1124","lcl|c232008_g1_i2|m.16909",1,2,1,1,0,1,0,2,1,0,3,2
"1125","lcl|c232105_g3_i1|m.16994",3,4,3,4,2,3,4,2,4,4,4,4
"1126","lcl|c232115_g3_i10|m.17010",2,1,1,1,0,1,4,2,1,1,2,0
"1127","lcl|c232137_g2_i1|m.17041",2,0,1,0,1,1,0,1,1,0,1,2
"1128","lcl|c232182_g2_i1|m.17105",0,0,2,2,2,1,2,1,1,0,1,0
"1129","lcl|c206524_g1_i2|m.1555",0,0,0,1,3,1,0,0,0,2,0,1
"1130","lcl|c232242_g3_i1|m.17174",6,5,3,3,3,4,2,7,2,5,3,5
"1131","lcl|c232294_g5_i11|m.17226",1,0,1,1,1,1,1,1,1,2,1,1
"1132","lcl|c232294_g5_i11|m.17227",2,1,1,2,1,1,2,0,1,1,2,1
"1133","lcl|c232338_g2_i2|m.17255",1,2,3,2,2,2,1,1,1,1,3,2
"1134","lcl|c232376_g1_i2|m.17310",0,1,1,1,2,1,2,1,0,3,0,1
"1135","lcl|c232386_g2_i1|m.17314",0,1,0,0,0,0,0,0,1,1,1,1
"1136","lcl|c232401_g7_i2|m.17338",2,5,4,5,4,4,4,3,3,4,4,5
"1137","lcl|c232424_g1_i6|m.17358",7,7,6,4,7,7,6,8,6,7,6,6
"1138","lcl|c232440_g3_i1|m.17372",1,1,0,2,0,1,0,1,1,1,1,0
"1139","lcl|c232540_g2_i1|m.17495",4,1,2,2,2,1,2,1,3,3,2,3
"1140","lcl|c207018_g1_i2|m.1610",1,5,4,2,5,3,1,0,1,1,1,2
"1141","lcl|c232541_g3_i1|m.17498",3,2,1,4,2,3,4,3,2,3,3,3
"1142","lcl|c232587_g1_i15|m.17560",4,1,4,3,3,2,2,4,5,3,5,3
"1143","lcl|c232634_g2_i3|m.17627",0,0,0,2,0,1,1,0,0,0,0,0
"1144","lcl|c232676_g1_i2|m.17666",3,2,1,2,2,1,2,3,4,1,3,1
"1145","lcl|c232684_g7_i2|m.17670",2,2,1,1,2,2,1,2,2,2,2,2
"1146","lcl|c232692_g3_i1|m.17680",0,0,1,1,2,0,2,1,2,1,1,0
"1147","lcl|c232696_g3_i2|m.17688",2,1,1,1,1,1,2,1,0,0,2,2
"1148","lcl|c232697_g2_i4|m.17690",0,1,1,0,0,1,1,1,0,0,1,0
"1149","lcl|c232716_g1_i2|m.17708",7,9,11,10,6,13,13,16,6,12,13,8
"1150","lcl|c232731_g2_i1|m.17722",1,1,2,2,3,4,0,0,0,1,1,1
"1151","lcl|c207857_g1_i1|m.1690",2,4,4,3,6,7,0,0,0,2,4,4
"1152","lcl|c232736_g7_i11|m.17724",2,2,3,2,1,1,1,1,1,1,2,1
"1153","lcl|c232739_g3_i2|m.17726",4,4,4,5,5,6,2,4,4,5,5,7
"1154","lcl|c232744_g5_i2|m.17733",3,4,2,2,3,3,1,2,3,6,2,0
"1155","lcl|c232769_g4_i2|m.17751",2,0,1,1,3,1,3,3,3,1,3,2
"1156","lcl|c232791_g2_i3|m.17780",0,1,2,1,0,2,4,1,5,1,3,1
"1157","lcl|c232813_g1_i6|m.17800",3,1,2,2,2,0,3,2,2,2,1,2
"1158","lcl|c232813_g3_i2|m.17801",3,3,2,1,1,2,1,1,0,2,2,1
"1159","lcl|c232830_g1_i6|m.17822",0,0,1,0,1,1,1,1,2,1,1,1
"1160","lcl|c232834_g2_i9|m.17824",2,3,2,2,2,4,2,3,2,4,2,1
"1161","lcl|c232842_g1_i1|m.17827",2,0,0,1,1,0,1,2,1,2,2,1
"1162","lcl|c207967_g2_i1|m.1713",3,3,1,3,2,2,1,3,2,2,1,3
"1163","lcl|c232864_g1_i1|m.17844",0,0,1,0,3,2,2,3,2,0,1,3
"1164","lcl|c232986_g1_i4|m.17993",2,17,15,20,18,16,1,3,2,11,14,19
"1165","lcl|c233001_g2_i4|m.18006",14,17,15,13,16,16,9,17,14,24,18,22
"1166","lcl|c233011_g1_i2|m.18023",0,0,0,0,2,2,2,1,0,0,1,1
"1167","lcl|c233014_g2_i1|m.18039",2,1,0,1,1,1,0,1,1,1,1,0
"1168","lcl|c233033_g3_i4|m.18064",0,0,1,1,0,0,2,2,1,0,3,2
"1169","lcl|c233138_g2_i2|m.18184",0,2,1,0,0,1,1,1,1,2,2,1
"1170","lcl|c233143_g2_i13|m.18204",4,3,2,3,4,2,0,0,1,2,3,3
"1171","lcl|c233156_g1_i1|m.18213",2,1,3,2,2,2,3,3,3,2,2,3
"1172","lcl|c233209_g3_i2|m.18272",0,1,1,2,3,2,0,0,0,2,3,3
"1173","lcl|c233212_g2_i5|m.18273",4,3,4,2,1,2,2,3,4,2,4,3
"1174","lcl|c233247_g1_i1|m.18311",1,2,3,3,0,2,1,3,1,3,2,3
"1175","lcl|c233449_g1_i1|m.18576",1,2,2,3,2,2,2,2,0,1,3,2
"1176","lcl|c233474_g3_i1|m.18592",1,5,4,8,7,6,1,2,5,7,5,10
"1177","lcl|c209191_g2_i1|m.1916",1,2,2,2,2,2,2,1,2,2,3,2
"1178","lcl|c233552_g1_i1|m.18704",32,30,22,28,30,29,24,38,29,36,34,36
"1179","lcl|c233739_g2_i1|m.18929",13,16,11,9,11,17,11,19,12,16,17,12
"1180","lcl|c233818_g2_i6|m.19032",3,5,7,4,6,9,4,5,7,7,8,8
"1181","lcl|c233840_g3_i1|m.19060",0,2,4,6,8,5,1,0,0,7,2,9
"1182","lcl|c233848_g8_i1|m.19070",0,1,0,1,0,0,1,1,2,1,1,1
"1183","lcl|c233857_g2_i2|m.19091",60,48,41,47,42,41,58,61,46,53,58,52
"1184","lcl|c233857_g2_i5|m.19099",33,24,27,32,25,31,40,33,34,29,31,33
"1185","lcl|c233857_g2_i7|m.19100",48,36,40,45,36,38,51,48,47,41,46,53
"1186","lcl|c233922_g1_i2|m.19174",1,2,1,0,1,1,0,1,2,1,2,1
"1187","lcl|c234004_g4_i3|m.19315",6,3,3,3,1,1,7,6,5,4,2,3
"1188","lcl|c209565_g1_i2|m.1999",9,5,6,8,5,9,7,10,4,11,11,11
"1189","lcl|c234030_g1_i1|m.19351",1,1,2,0,2,1,0,0,0,2,1,1
"1190","lcl|c234041_g5_i1|m.19364",1,0,0,2,1,2,1,2,2,3,3,2
"1191","lcl|c234075_g1_i1|m.19400",1,5,2,2,5,3,2,2,4,6,1,4
"1192","lcl|c234108_g1_i2|m.19454",1,2,0,1,3,3,0,0,1,2,2,2
"1193","lcl|c234128_g2_i3|m.19499",0,2,1,1,5,3,0,0,0,3,0,5
"1194","lcl|c234140_g5_i2|m.19531",1,2,3,4,1,3,4,1,5,3,2,3
"1195","lcl|c234277_g5_i1|m.19677",1,1,1,2,5,3,4,4,2,1,0,0
"1196","lcl|c234352_g2_i1|m.19757",3,2,3,2,4,5,3,4,2,5,2,4
"1197","lcl|c234380_g5_i3|m.19780",7,4,8,7,8,5,8,5,8,8,7,8
"1198","lcl|c234511_g2_i1|m.19914",2,0,0,0,1,2,1,2,1,1,1,3
"1199","WP_034241580.1",0,0,0,0,1,0,1,1,0,0,0,0
"1200","lcl|c209565_g1_i2|m.2000",3,2,1,2,2,2,1,3,2,3,2,2
"1201","lcl|c234544_g3_i2|m.19959",1,2,1,1,2,2,1,1,1,1,1,1
"1202","lcl|c234546_g4_i6|m.19966",1,3,2,4,4,4,0,0,0,3,4,4
"1203","lcl|c234620_g1_i2|m.20040",0,0,2,0,0,0,0,0,0,0,0,1
"1204","lcl|c234657_g3_i4|m.20097",1,1,3,1,1,2,1,0,1,1,3,2
"1205","lcl|c234788_g2_i3|m.20258",5,1,3,2,2,3,3,2,2,2,3,5
"1206","lcl|c234877_g1_i1|m.20373",2,6,5,7,12,6,2,2,2,3,4,5
"1207","lcl|c234998_g3_i1|m.20493",4,1,1,0,1,2,2,1,0,0,1,1
"1208","lcl|c209757_g1_i1|m.2044",5,3,4,4,5,4,5,3,6,6,7,6
"1209","lcl|c235036_g1_i1|m.20514",5,4,3,4,7,4,3,2,4,5,3,6
"1210","lcl|c235213_g4_i11|m.20710",5,4,2,5,3,5,5,3,7,3,5,4
"1211","lcl|c235384_g3_i1|m.20867",2,1,2,4,1,2,3,1,2,1,2,1
"1212","lcl|c235389_g5_i2|m.20890",2,1,3,3,3,3,3,3,4,3,3,4
"1213","lcl|c235399_g7_i4|m.20891",5,4,5,6,5,7,6,8,6,6,6,3
"1214","lcl|c235481_g2_i1|m.20956",6,4,1,2,1,1,1,3,2,3,3,2
"1215","lcl|c235526_g4_i1|m.21004",3,2,0,2,2,2,2,2,4,1,2,4
"1216","lcl|c235563_g1_i10|m.21080",1,3,2,3,4,3,2,1,1,2,2,4
"1217","lcl|c210150_g1_i1|m.2119",2,1,1,1,1,2,2,2,1,1,1,0
"1218","lcl|c235690_g8_i1|m.21219",2,2,1,1,2,2,1,2,1,2,2,1
"1219","lcl|c235712_g3_i3|m.21245",4,3,2,3,5,4,3,2,3,3,3,3
"1220","lcl|c235735_g2_i4|m.21279",3,11,10,9,11,12,5,7,6,8,11,14
"1221","lcl|c235757_g3_i5|m.21305",4,1,2,3,3,4,3,2,3,4,4,4
"1222","lcl|c235820_g1_i1|m.21351",0,1,1,1,1,1,1,3,1,0,2,3
"1223","lcl|c235850_g2_i3|m.21382",0,1,0,2,0,2,2,1,0,0,1,1
"1224","lcl|c236037_g2_i3|m.21607",3,2,0,3,2,1,3,1,1,4,1,2
"1225","lcl|c236073_g1_i1|m.21645",0,1,1,1,2,2,0,0,0,0,0,0
"1226","lcl|c210226_g1_i1|m.2139",5,4,4,6,5,4,4,4,6,6,5,5
"1227","lcl|c236101_g5_i2|m.21702",1,0,2,1,0,0,0,2,1,0,1,0
"1228","lcl|c236120_g2_i1|m.21731",0,0,1,1,0,1,1,1,1,1,1,0
"1229","lcl|c236464_g4_i2|m.22144",2,2,0,0,0,0,1,2,0,0,1,0
"1230","lcl|c236523_g2_i4|m.22204",13,23,18,23,24,29,20,13,17,26,26,25
"1231","lcl|c236527_g2_i1|m.22205",2,2,2,2,1,2,1,2,2,2,2,2
"1232","lcl|c236545_g2_i2|m.22230",0,0,0,0,1,1,0,0,1,0,0,0
"1233","lcl|c236562_g3_i1|m.22244",6,7,6,6,6,7,5,7,6,8,6,5
"1234","lcl|c236655_g1_i2|m.22362",0,0,0,0,3,3,0,1,5,4,0,0
"1235","lcl|c236666_g2_i2|m.22384",1,0,1,2,0,0,2,1,2,0,0,0
"1236","lcl|c210398_g1_i3|m.2174",8,7,7,8,9,7,6,6,7,9,8,7
"1237","lcl|c236780_g2_i2|m.22510",0,1,1,2,3,1,0,0,0,1,1,1
"1238","lcl|c236793_g3_i7|m.22527",2,3,2,1,1,1,1,2,2,3,3,1
"1239","lcl|c236794_g5_i3|m.22536",0,2,2,1,2,2,0,0,0,1,0,2
"1240","lcl|c236822_g3_i10|m.22574",19,13,14,19,6,5,13,19,15,19,17,19
"1241","lcl|c236833_g3_i1|m.22585",1,3,1,2,0,0,2,2,2,3,1,1
"1242","lcl|c236844_g2_i5|m.22607",1,2,1,3,2,2,2,2,1,1,3,2
"1243","lcl|c236955_g1_i6|m.22719",2,1,1,2,1,1,1,1,2,2,2,2
"1244","lcl|c237027_g3_i11|m.22792",1,1,1,3,2,2,0,1,1,1,1,1
"1245","lcl|c237098_g1_i2|m.22911",4,6,5,7,7,5,2,4,6,8,5,7
"1246","lcl|c237211_g6_i4|m.23025",3,4,2,3,2,2,1,4,2,3,2,5
"1247","lcl|c237234_g1_i2|m.23056",1,1,1,1,2,1,2,3,2,2,1,1
"1248","lcl|c237244_g3_i1|m.23065",3,3,2,2,3,2,5,4,4,4,4,3
"1249","lcl|c237291_g3_i3|m.23123",4,10,6,9,10,9,3,1,4,9,7,7
"1250","lcl|c237405_g1_i2|m.23236",3,3,3,2,2,2,4,1,3,3,2,2
"1251","lcl|c237560_g2_i1|m.23397",6,4,5,8,10,7,9,6,10,9,5,7
"1252","lcl|c237587_g5_i1|m.23455",2,3,2,3,1,2,3,5,3,5,4,1
"1253","lcl|c237612_g2_i11|m.23489",1,1,1,1,1,1,2,1,0,0,1,2
"1254","lcl|c237730_g2_i10|m.23656",0,1,2,1,4,3,0,0,0,1,3,1
"1255","lcl|c210444_g2_i1|m.2183",17,11,13,14,14,15,17,19,18,16,16,13
"1256","lcl|c237730_g2_i10|m.23657",1,1,2,1,1,3,1,0,1,2,1,1
"1257","lcl|c237804_g3_i3|m.23770",1,0,1,1,1,1,1,0,1,0,1,0
"1258","lcl|c237894_g6_i1|m.23869",0,0,1,0,1,1,0,1,1,1,0,3
"1259","lcl|c238037_g4_i6|m.24021",0,0,0,0,0,1,1,2,2,0,2,3
"1260","lcl|c238052_g1_i4|m.24050",13,15,10,11,10,9,16,15,14,17,14,18
"1261","lcl|c238173_g3_i3|m.24203",5,2,4,3,2,4,3,5,3,3,5,4
"1262","lcl|c238192_g2_i2|m.24225",0,2,0,2,3,4,0,0,0,2,1,2
"1263","lcl|c238365_g3_i1|m.24425",2,1,1,2,2,1,1,2,3,3,2,3
"1264","lcl|c238378_g1_i1|m.24441",3,2,2,2,3,3,3,4,3,3,3,3
"1265","lcl|c238537_g2_i7|m.24631",8,12,7,9,10,8,12,10,10,10,8,8
"1266","lcl|c210529_g2_i1|m.2194",11,17,22,19,31,26,9,8,8,24,23,29
"1267","lcl|c238572_g3_i3|m.24677",8,12,11,12,11,9,10,11,13,14,11,12
"1268","lcl|c238581_g1_i1|m.24692",8,8,4,7,9,6,6,8,9,11,7,11
"1269","lcl|c238662_g3_i1|m.24774",0,0,0,1,1,0,1,1,1,2,1,1
"1270","lcl|c238932_g1_i1|m.25092",1,2,0,0,0,1,0,0,0,0,0,0
"1271","lcl|c239101_g4_i2|m.25293",2,4,3,4,6,3,0,1,2,6,4,6
"1272","lcl|c239125_g3_i2|m.25324",3,3,1,3,3,2,2,2,2,2,2,3
"1273","lcl|c239145_g1_i2|m.25349",2,2,0,2,1,3,2,1,1,1,3,2
"1274","lcl|c239219_g5_i1|m.25453",3,4,5,9,8,5,2,0,2,5,4,9
"1275","lcl|c239229_g3_i10|m.25471",1,0,0,1,0,1,1,1,3,4,1,1
"1276","lcl|c239343_g4_i4|m.25612",1,2,1,1,3,0,2,1,2,4,2,2
"1277","lcl|c210532_g1_i1|m.2196",0,2,2,1,2,3,1,2,1,2,2,2
"1278","lcl|c239587_g1_i1|m.26015",1,0,2,1,1,2,1,2,3,0,2,2
"1279","lcl|c239662_g2_i17|m.26116",0,1,1,1,0,0,0,2,2,3,0,0
"1280","lcl|c239682_g2_i1|m.26160",0,1,1,1,1,0,2,1,2,2,0,0
"1281","lcl|c239700_g3_i1|m.26205",1,3,3,1,4,1,2,5,4,5,2,4
"1282","lcl|c239870_g3_i6|m.26454",2,1,0,1,1,0,0,0,2,1,2,2
"1283","lcl|c239883_g8_i2|m.26469",3,1,5,1,2,1,2,3,3,3,3,3
"1284","lcl|c239887_g1_i1|m.26471",2,4,3,3,3,5,1,3,2,4,4,6
"1285","lcl|c239893_g3_i11|m.26493",1,1,1,1,2,1,1,1,1,1,1,2
"1286","lcl|c210735_g5_i3|m.2260",2,3,3,3,3,5,2,3,4,4,3,5
"1287","lcl|c239931_g2_i1|m.26539",3,1,0,1,1,2,2,1,1,1,0,3
"1288","lcl|c239962_g2_i3|m.26573",2,0,1,2,2,0,3,2,3,1,1,3
"1289","lcl|c240022_g4_i3|m.26654",0,0,0,2,1,0,1,0,0,0,1,1
"1290","lcl|c240106_g2_i2|m.26779",2,0,5,3,0,0,0,1,1,2,5,7
"1291","lcl|c240216_g1_i1|m.26919",0,0,2,2,2,2,0,0,0,1,0,1
"1292","lcl|c240251_g4_i1|m.26961",2,1,3,2,1,2,2,4,1,1,5,3
"1293","lcl|c240253_g1_i1|m.26963",4,3,3,4,4,3,2,4,5,6,4,3
"1294","lcl|c240274_g5_i1|m.26994",2,2,1,2,3,2,2,2,2,2,2,3
"1295","lcl|c240327_g5_i1|m.27085",2,2,0,0,1,0,2,0,1,3,1,1
"1296","lcl|c240380_g1_i4|m.27156",0,0,0,1,0,0,1,3,0,2,0,0
"1297","WP_034242136.1",0,1,0,0,0,0,0,0,0,1,0,0
"1298","lcl|c210797_g1_i1|m.2276",0,1,1,1,1,1,0,0,0,2,1,0
"1299","lcl|c240435_g1_i3|m.27251",0,1,1,1,1,0,0,0,0,0,0,1
"1300","lcl|c240521_g1_i4|m.27364",3,4,2,2,2,4,2,1,3,2,5,3
"1301","lcl|c240612_g3_i4|m.27482",0,1,1,3,2,4,0,0,1,2,1,2
"1302","lcl|c240628_g3_i3|m.27511",5,4,5,6,8,4,3,2,4,7,5,4
"1303","lcl|c240640_g2_i1|m.27531",1,2,3,3,1,3,2,4,2,3,3,2
"1304","lcl|c240761_g2_i10|m.27710",1,1,1,3,0,1,0,0,0,1,2,2
"1305","lcl|c240787_g1_i1|m.27744",2,2,2,2,1,2,0,0,0,0,2,1
"1306","lcl|c240793_g1_i1|m.27747",2,2,2,1,1,2,1,1,1,2,1,1
"1307","lcl|c240828_g2_i2|m.27775",1,1,1,1,1,1,2,1,1,0,1,1
"1308","lcl|c210994_g1_i1|m.2320",9,11,9,11,10,14,11,14,8,12,13,14
"1309","lcl|c240833_g3_i3|m.27779",1,1,3,1,1,1,1,4,2,1,2,3
"1310","lcl|c240857_g5_i1|m.27819",8,8,9,8,12,8,4,5,8,13,10,13
"1311","lcl|c240904_g2_i1|m.27923",8,6,3,4,5,5,6,10,6,5,6,6
"1312","lcl|c240911_g1_i2|m.27934",2,4,3,5,5,4,2,2,2,6,4,5
"1313","lcl|c240930_g1_i2|m.27958",3,2,2,2,1,2,2,3,4,2,4,3
"1314","lcl|c241017_g3_i4|m.28068",2,1,1,1,1,1,1,2,1,1,2,1
"1315","lcl|c241022_g4_i5|m.28088",1,1,0,0,1,1,0,1,1,0,0,0
"1316","lcl|c241031_g1_i1|m.28098",34,27,19,20,22,20,22,19,35,35,32,25
"1317","lcl|c241148_g1_i6|m.28240",1,1,2,1,1,0,1,2,2,1,2,1
"1318","lcl|c241197_g1_i1|m.28305",0,1,1,0,1,1,0,2,1,2,1,0
"1319","lcl|c211249_g1_i1|m.2384",1,2,1,2,2,1,0,0,0,2,0,0
"1320","lcl|c241223_g1_i2|m.28328",2,2,2,2,2,2,2,5,1,2,2,4
"1321","lcl|c241251_g1_i1|m.28362",1,1,1,1,2,3,0,0,1,1,0,0
"1322","lcl|c241286_g1_i3|m.28381",0,0,0,0,1,2,0,0,0,1,1,1
"1323","lcl|c241299_g1_i6|m.28386",7,7,3,5,4,6,5,11,9,10,10,7
"1324","lcl|c241349_g1_i1|m.28471",2,1,3,1,1,2,2,4,2,2,2,1
"1325","lcl|c241466_g2_i10|m.28615",1,2,1,2,3,2,0,3,2,1,0,1
"1326","lcl|c241500_g1_i1|m.28663",2,3,2,1,3,1,0,3,5,3,5,3
"1327","lcl|c241500_g1_i1|m.28664",0,2,0,0,1,0,0,0,1,1,1,2
"1328","lcl|c241516_g1_i3|m.28672",5,4,7,8,9,9,3,3,3,6,7,8
"1329","lcl|c241649_g4_i1|m.28823",1,2,2,3,2,5,3,6,3,6,2,3
"1330","lcl|c211278_g7_i1|m.2402",0,4,2,7,5,5,0,0,2,5,3,5
"1331","lcl|c241650_g2_i3|m.28826",8,16,12,12,15,10,15,15,15,17,13,13
"1332","lcl|c241754_g2_i1|m.28913",1,1,1,3,2,3,3,4,0,0,4,2
"1333","lcl|c241873_g2_i3|m.29039",1,2,1,3,2,2,3,1,1,2,2,2
"1334","lcl|c242047_g5_i1|m.29305",1,0,0,0,1,1,1,1,0,1,0,3
"1335","lcl|c242066_g1_i1|m.29327",6,4,1,3,4,5,4,4,6,6,5,5
"1336","lcl|c242089_g1_i1|m.29373",6,3,3,1,5,4,2,3,5,6,3,4
"1337","lcl|c242193_g2_i1|m.29501",0,0,1,1,0,0,1,0,1,0,1,1
"1338","lcl|c242246_g1_i5|m.29540",1,2,1,3,3,3,1,0,0,1,4,4
"1339","lcl|c242527_g2_i1|m.29909",2,1,2,1,1,1,3,3,3,2,1,3
"1340","lcl|c211368_g3_i1|m.2426",4,2,0,2,1,0,1,5,4,2,2,3
"1341","lcl|c242581_g1_i1|m.29984",3,2,2,2,2,2,3,2,3,2,3,2
"1342","lcl|c242793_g1_i1|m.30227",5,1,4,3,8,7,8,4,8,8,3,3
"1343","lcl|c242885_g1_i1|m.30332",1,7,6,10,14,10,1,1,2,8,5,11
"1344","lcl|c243039_g1_i1|m.30534",0,1,1,0,3,1,0,0,0,0,1,2
"1345","lcl|c243077_g3_i1|m.30580",1,1,1,2,1,1,1,1,1,2,1,2
"1346","lcl|c243086_g4_i2|m.30593",3,3,3,3,3,2,3,3,3,3,3,3
"1347","lcl|c243154_g1_i1|m.30688",5,6,3,6,6,8,3,3,4,7,5,6
"1348","lcl|c243308_g5_i1|m.30798",2,2,2,2,1,2,1,2,2,1,2,1
"1349","lcl|c211725_g14_i3|m.2532",0,1,1,3,2,2,0,0,0,3,2,2
"1350","lcl|c243349_g1_i4|m.30872",7,7,7,8,7,13,6,7,6,9,6,11
"1351","lcl|c243503_g5_i1|m.31038",7,5,5,5,5,6,5,3,5,5,2,6
"1352","lcl|c243516_g2_i1|m.31047",2,1,1,1,1,1,1,2,2,1,1,1
"1353","lcl|c243554_g1_i5|m.31071",1,2,2,1,1,1,1,3,2,2,2,2
"1354","lcl|c243614_g4_i2|m.31123",0,1,1,0,2,1,0,0,0,0,0,0
"1355","lcl|c243765_g1_i1|m.31282",1,1,2,4,1,1,0,3,4,3,2,2
"1356","lcl|c243774_g1_i2|m.31291",5,8,6,10,10,8,6,5,11,12,8,7
"1357","lcl|c243791_g1_i1|m.31323",2,2,3,2,2,2,2,2,2,2,2,2
"1358","lcl|c243893_g1_i1|m.31474",10,7,8,9,8,15,8,13,12,11,12,9
"1359","lcl|c211774_g2_i1|m.2538",1,1,2,1,1,1,1,2,1,1,1,2
"1360","lcl|c243899_g1_i1|m.31482",40,35,33,34,28,35,45,56,37,38,44,48
"1361","lcl|c243935_g1_i3|m.31546",3,3,2,4,2,1,1,3,3,3,5,3
"1362","lcl|c243954_g3_i1|m.31569",3,4,4,2,3,3,2,5,3,4,5,2
"1363","lcl|c244084_g2_i1|m.31724",2,2,1,2,4,0,4,3,2,2,3,2
"1364","lcl|c244126_g1_i2|m.31771",2,3,0,2,2,1,3,3,2,3,3,4
"1365","lcl|c244145_g1_i1|m.31801",7,7,6,6,7,7,2,8,3,7,7,5
"1366","lcl|c244151_g1_i1|m.31810",1,1,2,1,3,1,0,0,0,1,1,2
"1367","lcl|c244169_g2_i1|m.31846",2,3,1,2,1,1,2,2,1,2,2,2
"1368","lcl|c244173_g1_i4|m.31852",1,3,0,1,2,1,1,2,2,1,1,3
"1369","lcl|c244235_g1_i2|m.31919",2,2,1,1,1,3,1,4,2,1,1,1
"1370","lcl|c211850_g3_i1|m.2552",5,9,7,9,6,7,5,6,5,7,6,8
"1371","lcl|c244255_g3_i1|m.31943",4,3,3,3,4,5,3,5,3,4,3,6
"1372","lcl|c244264_g3_i1|m.31952",2,2,0,1,1,0,0,3,0,0,2,1
"1373","lcl|c244315_g1_i2|m.32024",1,1,1,4,3,2,2,3,2,4,3,3
"1374","lcl|c244342_g1_i1|m.32068",3,1,1,2,1,1,1,3,1,1,1,2
"1375","lcl|c244347_g1_i1|m.32074",0,3,5,8,5,6,0,1,1,2,2,4
"1376","lcl|c244372_g1_i1|m.32092",0,2,1,2,0,1,0,1,1,1,3,1
"1377","lcl|c244396_g1_i1|m.32137",5,3,2,4,2,5,4,4,3,3,2,4
"1378","lcl|c244407_g1_i3|m.32143",10,10,9,10,9,10,6,6,7,9,10,11
"1379","lcl|c244439_g1_i1|m.32192",8,11,12,13,14,12,11,9,10,11,13,15
"1380","lcl|c244441_g1_i1|m.32200",0,1,2,2,2,1,1,1,0,1,1,3
"1381","lcl|c211914_g5_i4|m.2567",0,0,2,1,0,0,0,0,0,0,0,0
"1382","lcl|c244474_g3_i1|m.32253",3,2,3,2,2,2,4,2,3,2,2,2
"1383","lcl|c244499_g2_i2|m.32296",7,5,2,6,3,3,2,8,6,7,6,8
"1384","lcl|c244500_g1_i4|m.32298",0,1,1,1,1,2,0,0,0,0,1,1
"1385","lcl|c244508_g1_i1|m.32310",3,3,2,1,1,0,1,3,3,2,3,3
"1386","lcl|c8051_g1_i1|m.32674",0,0,0,0,0,0,0,0,2,2,0,0
"1387","lcl|c84792_g1_i1|m.32689",3,3,3,4,4,3,1,0,2,3,2,4
"1388","lcl|c99487_g1_i1|m.32745",1,4,1,2,3,3,0,0,1,2,2,2
"1389","lcl|c212026_g3_i1|m.2608",13,7,8,12,8,12,10,15,12,19,14,9
"1390","A0A0K0VKB7",3,3,5,6,3,2,3,4,4,3,1,3
"1391","A0A1Q9AC27",2,0,0,0,0,0,2,0,1,0,0,0
"1392","A0A1Q9C2H4",0,1,0,0,0,0,0,0,1,0,0,0
"1393","A0A1Q9CBJ7",1,1,1,1,0,1,1,2,1,1,1,1
"1394","A0A1Q9CBL0",0,0,2,3,1,0,0,0,0,0,0,0
"1395","A0A1Q9CGR1",2,4,4,3,4,4,2,2,2,3,4,4
"1396","A0A1Q9CHE4",0,0,1,0,0,0,0,0,0,0,1,0
"1398","WP_046758727.1",1,0,0,0,0,0,0,1,0,0,0,0
"1399","lcl|c212259_g2_i2|m.2667",0,0,1,0,2,0,0,0,0,1,0,0
"1400","A0A1Q9CI42",0,0,0,1,0,0,1,0,0,0,0,0
"1401","A0A1Q9CKU1",0,0,0,1,0,0,0,0,0,1,1,1
"1402","A0A1Q9CUV4",3,6,0,1,4,5,4,7,6,6,6,2
"1403","A0A1Q9CW54",4,3,6,4,5,6,4,3,4,5,4,3
"1404","A0A1Q9CXB4",2,4,3,4,1,4,3,3,2,4,4,3
"1405","A0A1Q9CXU8",0,0,0,0,1,0,1,0,0,0,0,0
"1406","A0A1Q9CYG6",1,1,1,1,2,2,0,0,1,1,1,1
"1407","A0A1Q9D014",2,1,3,2,1,2,2,1,0,1,1,0
"1408","A0A1Q9D100",1,0,0,0,0,0,0,0,1,0,0,0
"1409","lcl|c212804_g1_i1|m.2848",3,2,2,3,2,1,2,2,2,3,4,3
"1410","A0A1Q9D3X8",2,4,3,3,3,3,2,3,3,3,3,3
"1411","A0A1Q9D924",0,0,0,1,0,0,2,0,0,0,0,0
"1412","A0A1Q9DII3",1,0,0,0,1,0,0,0,0,0,0,0
"1413","A0A1Q9DIS8",1,1,0,0,0,1,3,2,0,1,1,1
"1414","A0A1Q9DUD9",0,0,0,0,1,0,1,2,1,0,2,0
"1415","A0A1Q9DUV2",1,0,0,0,0,0,0,0,0,0,0,1
"1416","A0A1Q9DWV2",1,0,1,1,1,1,1,1,1,1,0,2
"1417","A0A1Q9E698",1,0,0,0,0,0,0,0,0,1,0,0
"1418","A0A1Q9E704",0,1,4,3,2,1,1,0,1,0,1,0
"1419","A0A1Q9ECT7",0,0,1,1,0,0,0,0,0,2,1,0
"1420","lcl|c212813_g1_i1|m.2853",1,1,2,0,1,1,1,2,0,1,2,1
"1421","A0A1Q9ELC0",1,0,0,0,0,1,0,0,0,0,0,0
"1422","A0A1Q9ESW6",1,0,0,0,1,0,0,0,0,0,0,0
"1423","A0A1Q9ESZ4",0,0,1,2,1,0,1,1,0,1,0,2
"1424","A0A1Q9EXZ0",0,0,0,0,0,2,0,0,0,0,0,1
"1425","A0A1Q9F2R5",0,0,0,0,0,0,0,0,1,0,0,1
"1426","A0A1Q9F467",1,1,1,0,1,0,1,1,0,0,1,0
"1427","E0WEC8",1,1,4,3,3,2,0,1,1,1,0,1
"1428","E0WED7",0,0,2,2,1,0,0,0,0,0,0,0
"1429","T1PTZ4",0,1,0,1,0,0,0,0,1,1,0,1
"1430","lcl|c212826_g3_i1|m.2861",16,22,21,16,25,26,9,16,11,22,21,23
"1431","U5LU60",3,2,2,2,2,2,1,2,1,3,3,1
"1432","WP_109760920.1",10,9,10,9,10,13,7,10,7,9,11,9
"1433","WP_066688199.1",17,15,14,20,17,19,10,16,11,18,16,19
"1434","WP_057462966.1",7,6,7,6,8,6,5,6,6,8,8,7
"1435","A0A1Q9F5D7",5,7,6,7,8,5,6,7,5,7,6,6
"1436","A0A1Q9CAD5",3,4,5,3,4,4,4,5,3,4,5,4
"1437","WP_027137893.1",3,4,3,4,4,3,3,5,3,3,3,5
"1438","WP_055188436.1",2,4,3,3,4,3,3,4,3,3,4,4
"1439","WP_200280228.1",12,11,9,13,10,14,5,12,8,13,13,11
"1440","WP_183196559.1",2,4,3,3,4,3,3,4,4,3,3,4
"1441","WP_011446044.1",2,5,3,4,5,4,3,5,4,4,3,4
"1442","lcl|c195747_g2_i1|m.945",18,20,19,19,16,20,12,21,14,24,23,23
"1443","Q2HX32",21,27,28,30,28,31,21,24,22,29,25,32
"1444","A9YYK3",6,10,5,4,3,6,5,6,4,8,6,5
"1445","A0A0D3L4M9",12,10,10,12,10,11,6,10,8,13,11,12
"1446","A0A1Q9DXV4",0,4,1,1,1,4,2,3,2,2,2,3
"1447","A0A1Q9CDK2",1,1,2,1,3,4,2,1,2,4,0,3
"1448","lcl|c201696_g3_i1|m.1219",5,3,3,3,4,3,3,5,5,5,4,5
"1449","lcl|c205012_g1_i1|m.1420",3,3,1,3,5,2,0,1,0,2,1,3
"1450","lcl|c223351_g1_i1|m.9046",0,0,0,3,1,0,0,1,0,1,4,2
"1451","lcl|c206182_g1_i1|m.1515",3,1,2,2,0,1,2,2,2,3,1,1
"1452","lcl|c207960_g1_i1|m.1712",11,10,10,9,11,13,8,11,5,13,11,14
"1453","lcl|c209405_g4_i1|m.1961",0,0,1,1,2,2,0,0,0,1,2,2
"1454","lcl|c209570_g1_i3|m.2003",1,0,1,3,2,2,2,2,2,2,3,4
"1455","lcl|c210031_g1_i2|m.2100",6,6,3,2,3,4,3,7,6,3,2,5
"1456","lcl|c210253_g1_i2|m.2149",12,7,11,11,7,8,6,12,9,9,8,9
"1457","lcl|c210342_g3_i4|m.2163",2,2,0,2,2,2,2,2,2,2,1,1
"1458","lcl|c210423_g1_i5|m.2178",3,4,5,3,2,4,2,3,2,3,1,4
"1459","lcl|c210442_g1_i1|m.2181",2,3,5,5,6,6,0,0,2,4,3,4
"1460","lcl|c210670_g1_i7|m.2234",1,3,1,1,3,3,0,0,0,3,1,2
"1461","lcl|c210749_g1_i1|m.2273",15,14,16,13,16,17,12,15,18,18,16,16
"1462","lcl|c219546_g2_i1|m.6439",10,10,9,8,11,9,8,9,11,12,10,13
"1463","lcl|c219662_g1_i2|m.6507",8,8,9,5,14,14,8,8,13,10,10,12
"1464","lcl|c225323_g2_i2|m.10522",3,3,7,7,8,8,5,4,7,7,7,10
"1465","lcl|c208130_g1_i1|m.1735",6,5,6,3,5,4,2,3,4,4,5,3
"1466","lcl|c211022_g1_i7|m.2328",3,2,1,2,1,1,4,3,1,2,1,2
"1467","lcl|c212126_g1_i2|m.2626",4,4,2,2,4,4,4,4,5,5,4,6
"1468","lcl|c212912_g1_i1|m.2890",1,1,1,2,1,2,0,1,0,2,1,2
"1469","lcl|c212237_g2_i1|m.2659",8,7,5,6,9,7,5,9,7,7,7,4
"1470","lcl|c212297_g3_i4|m.2675",3,0,1,1,2,2,2,1,0,0,3,1
"1471","lcl|c212784_g2_i1|m.2837",4,4,5,4,5,6,3,7,4,4,7,6
"1472","lcl|c212839_g1_i3|m.2877",7,8,8,9,7,9,5,7,5,8,8,5
"1473","lcl|c213160_g2_i5|m.2982",4,6,5,6,7,9,4,2,3,6,5,6
"1474","lcl|c213311_g2_i3|m.3020",4,2,3,5,5,4,3,1,4,4,6,3
"1475","lcl|c213314_g8_i4|m.3021",9,6,4,6,3,8,9,10,8,8,5,6
"1476","lcl|c213354_g1_i4|m.3049",0,2,3,2,2,3,1,0,0,3,2,3
"1477","lcl|c213642_g1_i2|m.3160",0,2,2,1,4,3,0,0,0,2,1,2
"1478","lcl|c213652_g3_i1|m.3162",3,10,9,7,7,8,4,2,3,8,5,7
"1479","lcl|c222950_g5_i5|m.8734",7,9,11,10,7,7,5,4,4,8,8,9
"1480","lcl|c217788_g4_i2|m.5364",2,2,4,2,3,3,1,1,1,1,3,4
"1481","lcl|c213677_g1_i4|m.3168",7,6,5,4,5,7,4,7,3,3,4,5
"1482","lcl|c214032_g1_i4|m.3331",9,12,11,6,10,13,5,9,5,11,11,11
"1483","A0A1Q9C7P0",6,11,9,3,8,9,2,5,4,9,10,6
"1484","lcl|c214228_g4_i6|m.3409",3,3,3,3,4,4,4,3,3,4,4,2
"1485","lcl|c214242_g1_i2|m.3413",4,5,0,1,4,4,2,1,4,7,1,1
"1486","lcl|c214242_g1_i3|m.3415",2,3,0,1,2,3,3,1,1,5,1,1
"1487","lcl|c214356_g7_i5|m.3463",3,0,2,2,0,5,2,1,2,1,2,2
"1488","lcl|c214397_g6_i4|m.3476",8,10,10,11,10,11,7,8,10,9,9,12
"1489","lcl|c214559_g9_i1|m.3528",3,4,3,3,5,4,3,4,3,3,4,3
"1490","lcl|c214817_g2_i1|m.3680",2,1,1,1,1,2,1,1,1,2,0,1
"1491","lcl|c214832_g3_i2|m.3697",3,4,6,4,4,6,2,4,1,5,4,3
"1492","lcl|c214860_g1_i1|m.3700",1,2,1,1,1,1,2,1,1,1,1,1
"1493","lcl|c213117_g1_i3|m.2966",4,4,4,5,5,8,4,5,5,5,7,5
"1494","lcl|c215316_g1_i1|m.3942",2,1,3,5,1,4,3,7,2,4,7,5
"1495","lcl|c215434_g3_i1|m.4032",3,7,8,6,6,9,4,1,4,7,7,7
"1496","lcl|c215465_g1_i1|m.4044",9,3,6,5,4,7,6,7,6,8,8,6
"1497","lcl|c215492_g2_i9|m.4058",16,12,13,10,15,17,10,16,14,17,17,17
"1498","lcl|c215551_g6_i1|m.4083",2,3,0,1,1,1,1,3,2,2,3,2
"1499","lcl|c215632_g4_i4|m.4127",3,7,3,6,7,11,3,2,0,10,4,9
"1500","lcl|c215762_g1_i1|m.4180",0,1,1,2,5,4,1,1,1,2,2,4
"1501","lcl|c215763_g2_i3|m.4184",5,5,3,6,5,9,8,4,5,6,5,9
"1502","lcl|c215957_g2_i7|m.4321",2,0,3,2,2,3,2,3,2,2,1,2
"1503","lcl|c216129_g1_i2|m.4409",3,2,1,1,1,0,1,2,3,3,2,3
"1504","lcl|c213534_g3_i4|m.3118",5,2,5,2,3,4,4,5,4,5,4,2
"1505","lcl|c216289_g7_i1|m.4487",6,4,1,5,2,2,4,3,5,4,5,3
"1506","lcl|c216306_g1_i14|m.4518",1,3,2,2,3,3,1,1,2,1,1,2
"1507","lcl|c216377_g1_i3|m.4559",1,2,1,2,1,1,1,1,1,1,1,2
"1508","lcl|c216498_g3_i6|m.4613",0,1,2,2,2,3,1,2,1,1,2,3
"1509","lcl|c216705_g1_i4|m.4732",1,1,3,2,0,0,2,1,2,3,2,2
"1510","lcl|c216824_g6_i6|m.4797",0,1,1,1,1,2,0,1,0,2,0,1
"1511","lcl|c216953_g1_i3|m.4865",0,0,2,0,1,2,0,1,0,0,3,3
"1512","lcl|c217098_g2_i2|m.4966",3,1,1,1,1,0,0,0,0,0,0,1
"1513","lcl|c217182_g4_i3|m.5021",3,4,3,4,2,3,2,2,2,3,3,2
"1514","lcl|c217182_g4_i2|m.5020",2,4,2,3,2,3,2,2,1,3,2,2
"1515","lcl|c213865_g3_i2|m.3249",0,0,0,0,0,3,0,0,0,0,0,2
"1516","lcl|c217381_g1_i2|m.5165",1,2,2,4,3,3,0,0,1,2,1,2
"1517","lcl|c217427_g4_i1|m.5185",3,3,1,3,3,3,3,7,3,3,4,4
"1518","lcl|c217466_g1_i3|m.5215",9,6,2,3,3,4,2,7,8,9,6,9
"1519","lcl|c217499_g2_i1|m.5223",4,6,6,4,5,2,7,8,7,7,7,5
"1520","lcl|c217988_g6_i3|m.5463",4,5,3,5,6,8,5,5,3,8,4,10
"1521","lcl|c218147_g4_i2|m.5583",0,1,0,1,1,2,0,0,0,0,0,1
"1522","lcl|c218175_g4_i6|m.5595",3,1,1,1,2,1,3,2,1,1,2,1
"1523","lcl|c218175_g5_i2|m.5596",0,0,2,1,0,0,0,0,0,0,1,0
"1524","lcl|c218176_g7_i3|m.5597",11,10,2,1,1,1,7,9,10,9,13,10
"1525","WP_051881039.1",0,1,1,0,0,0,0,0,2,0,0,0
"1526","lcl|c218196_g3_i9|m.5616",4,0,1,0,2,3,2,3,3,2,3,3
"1527","lcl|c218201_g1_i4|m.5622",5,8,9,6,6,6,8,9,8,7,7,5
"1528","lcl|c218298_g7_i1|m.5703",1,3,1,1,2,1,1,1,2,2,2,2
"1529","lcl|c218374_g1_i3|m.5753",7,6,3,6,5,6,8,8,8,9,3,6
"1530","lcl|c218481_g4_i6|m.5811",3,1,1,3,2,3,4,3,5,3,2,4
"1531","lcl|c218580_g2_i1|m.5839",6,4,2,2,2,5,3,4,2,3,5,3
"1532","lcl|c218647_g3_i1|m.5884",2,1,0,0,2,1,1,4,0,2,3,2
"1533","lcl|c218881_g3_i2|m.6022",2,3,4,4,4,5,6,5,4,7,5,3
"1534","lcl|c218903_g1_i1|m.6054",2,1,1,5,5,6,1,1,2,2,3,3
"1535","lcl|c218972_g2_i1|m.6108",2,1,1,2,1,1,1,1,1,1,1,2
"1536","lcl|c214028_g2_i1|m.3329",0,1,2,1,2,4,1,2,1,2,1,2
"1537","lcl|c219237_g2_i4|m.6297",5,3,3,3,7,6,3,4,4,5,2,3
"1538","lcl|c219409_g4_i2|m.6366",0,0,0,0,0,1,0,1,0,0,1,2
"1539","lcl|c219583_g2_i1|m.6468",4,3,5,4,6,5,3,3,4,6,4,4
"1540","lcl|c219602_g1_i6|m.6476",6,5,5,5,3,3,7,5,7,4,5,4
"1541","lcl|c219710_g2_i1|m.6538",1,5,4,2,6,6,5,3,3,7,8,4
"1542","lcl|c230360_g10_i5|m.15205",2,2,4,4,3,4,4,5,3,2,5,5
"1543","lcl|c233215_g1_i5|m.18281",1,1,2,1,0,1,2,2,0,1,2,2
"1544","lcl|c219883_g1_i2|m.6624",10,9,8,9,8,9,10,7,9,11,9,8
"1545","lcl|c220106_g1_i3|m.6753",2,3,0,4,2,4,0,3,3,3,2,4
"1546","lcl|c220236_g4_i1|m.6833",2,4,4,3,2,2,2,2,5,4,3,2
"1547","lcl|c220306_g1_i5|m.6860",4,5,4,3,6,5,4,3,3,6,6,6
"1548","lcl|c220409_g3_i3|m.6926",0,2,1,1,1,1,0,2,1,1,1,0
"1549","lcl|c214108_g4_i4|m.3369",4,2,3,4,3,6,3,4,4,8,5,5
"1550","lcl|c220640_g5_i2|m.7065",12,7,6,5,8,6,8,13,9,7,9,8
"1551","lcl|c220682_g4_i3|m.7087",2,2,2,2,2,1,2,3,3,2,3,2
"1552","lcl|c220808_g2_i6|m.7171",7,7,5,5,6,6,5,8,7,5,5,4
"1553","lcl|c220945_g4_i2|m.7256",4,5,3,2,5,5,4,6,4,2,4,5
"1554","lcl|c220977_g2_i3|m.7288",2,2,2,2,2,2,1,1,1,2,1,1
"1555","lcl|c221225_g1_i6|m.7493",3,4,3,3,1,3,4,4,4,4,4,2
"1556","lcl|c221440_g2_i5|m.7632",2,3,2,1,3,4,1,2,2,1,3,3
"1557","lcl|c214118_g1_i2|m.3372",1,1,1,2,2,1,2,1,2,2,2,1
"1558","lcl|c221441_g1_i5|m.7633",14,9,7,8,7,10,11,12,11,13,8,8
"1559","lcl|c221482_g1_i3|m.7664",4,6,4,4,4,6,3,2,4,6,6,5
"1560","lcl|c221583_g3_i2|m.7741",4,3,3,2,4,1,4,4,5,4,1,2
"1561","lcl|c221593_g3_i1|m.7753",1,3,3,3,6,2,2,1,1,3,2,5
"1562","lcl|c221608_g1_i1|m.7755",2,2,3,4,6,1,7,5,4,2,3,4
"1563","lcl|c221840_g3_i5|m.7911",11,9,8,8,10,11,12,8,11,9,13,10
"1564","lcl|c221840_g3_i2|m.7908",9,10,7,8,6,9,10,5,9,9,10,9
"1565","lcl|c221971_g2_i2|m.8018",2,2,2,1,2,2,0,0,1,1,1,2
"1566","lcl|c222208_g5_i7|m.8170",0,1,0,0,1,1,1,1,0,0,3,1
"1567","lcl|c222306_g9_i1|m.8237",2,1,0,1,0,0,1,2,2,0,0,2
"1568","lcl|c214573_g3_i1|m.3534",3,5,3,5,2,2,3,5,3,3,5,5
"1569","lcl|c222419_g1_i6|m.8316",5,3,2,3,3,4,1,5,1,5,3,4
"1570","lcl|c222437_g1_i2|m.8353",5,4,4,3,6,6,7,6,8,6,6,5
"1571","lcl|c222451_g1_i1|m.8369",5,3,1,0,1,3,3,4,4,4,3,2
"1572","lcl|c222459_g5_i1|m.8379",2,9,4,8,7,7,5,4,4,13,6,12
"1573","lcl|c222548_g1_i3|m.8426",3,2,3,3,3,2,3,1,1,2,4,5
"1574","lcl|c222653_g7_i1|m.8496",3,1,1,1,0,0,0,1,2,2,5,2
"1575","lcl|c222878_g2_i2|m.8680",0,0,0,2,0,0,0,0,0,1,0,0
"1576","lcl|c222899_g2_i4|m.8691",5,4,5,5,9,4,6,7,6,7,4,6
"1577","lcl|c222946_g2_i3|m.8728",7,4,2,4,2,2,5,6,4,3,2,5
"1578","lcl|c220806_g2_i3|m.7164",3,4,3,1,2,3,2,4,2,3,2,3
"1579","lcl|c222957_g1_i4|m.8749",4,2,3,5,7,4,4,5,4,4,4,4
"1580","lcl|c214584_g1_i1|m.3538",0,0,0,0,2,2,0,0,1,1,1,1
"1581","lcl|c222960_g2_i1|m.8750",9,7,7,4,3,6,5,9,8,7,6,8
"1582","lcl|c223053_g2_i3|m.8836",5,2,1,2,4,1,3,3,1,2,2,3
"1583","lcl|c223277_g3_i4|m.8995",1,2,1,1,1,1,0,2,1,0,1,1
"1584","lcl|c223355_g1_i3|m.9051",4,2,3,1,2,1,2,3,3,4,1,4
"1585","lcl|c223448_g1_i3|m.9130",2,1,1,1,1,1,1,2,1,1,1,1
"1586","lcl|c223454_g1_i3|m.9139",3,4,3,2,4,4,3,3,2,3,4,5
"1587","lcl|c223484_g3_i4|m.9156",0,3,3,5,5,6,0,0,0,4,4,2
"1588","lcl|c223611_g2_i2|m.9249",3,8,9,11,11,13,2,1,6,10,7,13
"1589","lcl|c223865_g4_i2|m.9445",4,7,8,6,7,7,4,5,3,6,4,7
"1590","lcl|c223971_g2_i1|m.9513",2,0,1,2,3,2,3,0,1,4,2,2
"1591","lcl|c214602_g8_i1|m.3549",2,2,2,2,2,3,1,1,2,3,3,2
"1592","lcl|c223984_g1_i6|m.9529",1,2,1,2,2,1,1,1,1,1,1,1
"1593","lcl|c224029_g4_i1|m.9563",1,1,2,2,1,1,2,1,1,1,2,0
"1594","lcl|c224201_g3_i8|m.9658",14,8,19,15,26,15,10,9,15,11,13,16
"1595","lcl|c224226_g3_i4|m.9666",1,3,2,4,3,3,2,2,2,2,3,4
"1596","lcl|c224260_g2_i3|m.9686",0,1,1,0,1,0,2,1,3,1,1,0
"1597","lcl|c224263_g3_i3|m.9691",4,3,3,3,3,3,1,2,3,3,3,3
"1598","lcl|c224457_g3_i2|m.9821",0,1,2,1,1,2,0,0,0,1,0,0
"1599","lcl|c224541_g6_i2|m.9899",0,0,0,0,0,0,0,0,3,3,2,2
"1600","lcl|c224698_g7_i8|m.10072",4,3,6,6,5,5,5,7,4,5,2,4
"1601","lcl|c224698_g7_i3|m.10071",2,2,4,3,2,2,2,5,2,2,1,2
"1602","lcl|c224713_g2_i1|m.10075",1,3,1,2,1,1,3,5,3,5,7,5
"1603","lcl|c214691_g1_i1|m.3614",1,2,2,0,0,1,0,2,1,0,1,0
"1604","lcl|c224820_g6_i4|m.10156",1,1,3,1,1,2,1,1,1,1,2,1
"1605","lcl|c237535_g3_i3|m.23359",1,1,2,1,1,1,1,2,1,1,2,2
"1606","lcl|c224995_g6_i2|m.10289",1,3,1,1,1,1,1,2,2,2,1,1
"1607","lcl|c225098_g3_i9|m.10362",3,4,4,5,5,6,4,3,4,3,4,5
"1608","lcl|c225115_g3_i4|m.10375",9,15,17,21,21,24,6,4,9,20,17,23
"1609","lcl|c225136_g5_i9|m.10397",0,1,1,0,2,2,1,0,1,2,0,1
"1610","lcl|c225222_g1_i4|m.10453",0,1,0,1,0,1,0,0,0,2,0,2
"1611","lcl|c225236_g1_i2|m.10460",6,5,4,5,3,5,5,7,6,4,6,4
"1612","lcl|c225423_g3_i2|m.10600",5,4,3,2,3,2,2,4,3,3,5,5
"1613","lcl|c225471_g2_i2|m.10654",9,7,4,5,5,6,8,11,8,11,9,12
"1614","lcl|c225478_g2_i2|m.10668",2,2,3,1,3,2,2,4,3,2,4,4
"1615","lcl|c225618_g2_i6|m.10783",17,27,26,24,24,27,17,15,12,20,23,27
"1616","lcl|c225632_g3_i1|m.10790",15,11,9,11,12,10,14,11,14,12,12,9
"1617","lcl|c225696_g1_i1|m.10828",5,6,7,7,9,9,5,3,5,7,7,10
"1618","lcl|c225728_g4_i1|m.10879",2,4,3,2,4,4,2,1,1,4,2,4
"1619","lcl|c225756_g1_i2|m.10914",2,1,1,1,1,2,2,1,2,1,1,1
"1620","lcl|c225789_g4_i1|m.10946",1,2,2,3,1,2,2,1,2,1,1,1
"1621","lcl|c225829_g1_i1|m.10978",2,5,3,3,5,4,1,2,2,3,3,3
"1622","lcl|c225859_g2_i6|m.10997",2,2,1,2,2,1,2,3,2,3,2,1
"1623","lcl|c225972_g1_i1|m.11091",24,25,25,29,17,21,23,32,23,23,27,27
"1624","lcl|c225983_g2_i10|m.11114",2,3,2,3,3,3,4,7,3,3,4,4
"1625","lcl|c226009_g3_i5|m.11131",5,3,5,4,3,1,3,7,5,3,3,3
"1626","lcl|c226079_g3_i1|m.11186",2,3,3,4,5,4,1,1,1,2,4,4
"1627","lcl|c226303_g1_i2|m.11380",0,2,3,3,2,3,0,0,1,2,2,2
"1628","lcl|c226346_g1_i1|m.11426",1,1,2,1,0,1,0,0,2,2,0,1
"1629","lcl|c226450_g3_i4|m.11486",11,8,12,9,9,10,10,9,9,13,10,10
"1630","lcl|c226460_g1_i13|m.11506",0,0,1,1,1,0,0,0,0,0,0,2
"1631","lcl|c226505_g3_i2|m.11536",1,1,1,2,1,2,1,3,1,1,1,2
"1632","lcl|c226676_g11_i2|m.11702",0,0,1,2,2,3,0,0,0,0,1,1
"1633","WP_070125145.1",0,0,0,1,0,1,0,0,0,0,0,0
"1634","lcl|c214971_g5_i1|m.3758",2,2,1,2,2,2,1,0,2,3,2,2
"1635","lcl|c226739_g4_i2|m.11743",2,7,5,7,4,7,3,2,3,4,3,9
"1636","lcl|c226769_g3_i1|m.11767",16,5,5,8,6,9,5,8,7,6,7,7
"1637","lcl|c226971_g4_i9|m.11985",3,0,0,1,0,0,3,2,3,2,0,3
"1638","lcl|c227069_g2_i12|m.12102",2,2,1,2,2,3,0,4,2,2,3,2
"1639","lcl|c227129_g2_i15|m.12185",2,1,1,1,3,2,3,0,4,3,2,0
"1640","lcl|c227188_g1_i3|m.12224",2,1,1,3,2,2,2,0,2,3,2,2
"1641","lcl|c227206_g2_i7|m.12247",8,16,10,11,17,14,6,6,10,16,10,16
"1642","lcl|c227332_g2_i2|m.12341",16,16,16,15,11,15,15,18,20,19,14,17
"1643","lcl|c227467_g2_i2|m.12463",8,6,3,3,6,3,4,9,5,8,8,7
"1644","lcl|c227562_g6_i1|m.12582",9,6,6,9,7,8,7,9,5,8,7,10
"1645","lcl|c214971_g6_i7|m.3760",2,2,2,3,3,4,0,1,4,3,2,2
"1646","lcl|c227565_g2_i7|m.12589",3,2,1,0,0,1,0,2,0,1,2,2
"1647","lcl|c227730_g3_i11|m.12709",3,2,2,0,1,2,1,2,3,1,0,1
"1648","lcl|c227758_g2_i4|m.12736",5,4,5,8,5,7,7,3,7,6,6,4
"1649","lcl|c227762_g5_i1|m.12740",1,0,1,2,1,1,2,1,1,0,0,1
"1650","lcl|c227794_g1_i1|m.12770",4,4,4,4,4,6,2,5,3,2,5,5
"1651","lcl|c223433_g6_i1|m.9115",4,5,5,6,5,4,4,5,4,6,4,5
"1652","A0A1Q9DUY8",2,2,2,2,2,1,1,3,0,1,1,2
"1653","A0A1Q9CQW3",2,1,1,1,1,1,1,3,0,1,1,2
"1654","lcl|c222581_g2_i12|m.8452",2,2,2,2,2,2,2,3,1,1,2,2
"1655","WP_109683579.1",2,1,1,1,1,1,1,2,0,1,1,1
"1656","lcl|c227804_g2_i3|m.12774",0,0,1,1,0,0,0,1,0,0,3,1
"1657","lcl|c227856_g7_i5|m.12838",1,2,1,1,1,2,1,2,3,1,2,2
"1658","lcl|c227910_g4_i10|m.12878",2,2,8,5,7,6,2,4,6,8,7,9
"1659","lcl|c227928_g1_i2|m.12896",1,0,0,2,2,1,2,1,2,0,0,1
"1660","lcl|c227928_g3_i7|m.12901",3,1,0,2,1,2,2,1,1,2,2,4
"1661","lcl|c227969_g5_i2|m.12934",3,2,5,6,5,3,5,2,5,3,6,4
"1662","lcl|c227993_g1_i6|m.12952",1,1,2,4,5,5,2,4,4,4,5,5
"1663","lcl|c228056_g1_i4|m.13006",2,0,1,0,1,0,2,2,2,2,0,1
"1664","lcl|c228113_g1_i1|m.13052",5,3,6,6,6,5,0,3,2,6,5,4
"1665","lcl|c228121_g2_i2|m.13058",2,0,0,1,2,1,1,0,0,3,2,2
"1666","lcl|c228190_g3_i8|m.13112",1,6,6,5,6,5,1,0,1,5,5,5
"1667","lcl|c228309_g1_i6|m.13221",0,5,0,1,2,3,1,3,1,6,3,2
"1668","lcl|c228497_g4_i2|m.13372",2,0,5,2,1,2,3,2,3,3,2,1
"1669","lcl|c228525_g4_i3|m.13399",2,2,2,0,0,1,1,2,1,3,1,1
"1670","lcl|c228543_g5_i2|m.13413",2,2,3,2,3,2,1,2,2,3,2,2
"1671","lcl|c215093_g1_i2|m.3818",5,5,7,5,3,7,5,6,3,7,3,4
"1672","lcl|c228583_g3_i2|m.13440",2,1,5,4,2,3,3,5,2,6,4,5
"1673","lcl|c228623_g6_i3|m.13470",5,5,3,3,10,8,3,4,3,9,5,8
"1674","lcl|c228678_g2_i11|m.13512",3,4,4,5,5,3,3,2,2,2,3,3
"1675","lcl|c236793_g3_i9|m.22532",3,2,0,0,1,0,0,1,1,2,1,2
"1676","lcl|c233339_g2_i12|m.18429",1,1,0,1,1,1,0,0,1,0,0,0
"1677","lcl|c228728_g1_i4|m.13597",2,4,3,1,2,4,1,1,1,3,1,2
"1678","lcl|c228772_g4_i5|m.13636",6,6,3,8,4,6,2,3,4,9,5,7
"1679","lcl|c228848_g6_i3|m.13716",2,0,0,3,0,1,2,3,3,3,4,1
"1680","lcl|c228938_g1_i7|m.13803",3,2,1,3,2,2,2,2,3,2,2,2
"1681","lcl|c229056_g1_i4|m.13924",2,2,2,1,2,1,2,3,2,1,2,1
"1682","lcl|c229060_g1_i1|m.13927",12,6,6,9,6,12,6,6,10,8,8,12
"1683","lcl|c215344_g2_i4|m.3967",0,0,0,1,1,1,0,0,0,0,1,0
"1684","lcl|c229132_g1_i2|m.13984",17,13,8,8,14,15,13,15,13,14,14,11
"1685","lcl|c229412_g3_i1|m.14240",2,2,1,0,2,1,0,2,2,1,0,1
"1686","lcl|c229422_g1_i2|m.14250",13,13,13,14,11,15,11,14,10,15,14,14
"1687","lcl|c229422_g1_i9|m.14251",9,8,10,10,9,12,7,11,6,11,10,11
"1688","lcl|c229482_g2_i3|m.14286",6,6,8,10,7,8,6,6,7,8,10,7
"1689","lcl|c229503_g1_i3|m.14339",0,0,0,0,0,1,0,0,2,2,1,0
"1690","lcl|c229507_g2_i4|m.14343",3,2,1,2,1,1,2,3,1,2,3,2
"1691","lcl|c229550_g1_i3|m.14392",16,14,13,14,14,13,15,18,16,14,19,21
"1692","A0A1Q9CRD2",2,2,5,4,3,3,3,4,1,2,4,3
"1693","lcl|c215423_g1_i1|m.4014",3,6,8,10,11,10,0,1,3,11,6,7
"1694","lcl|c229561_g1_i12|m.14408",6,4,6,5,7,5,4,2,5,8,4,3
"1695","lcl|c229582_g1_i2|m.14429",0,1,1,2,3,1,0,0,1,1,2,3
"1696","lcl|c229583_g3_i7|m.14431",3,2,2,3,3,5,3,1,3,2,2,3
"1697","lcl|c229615_g3_i4|m.14451",5,4,3,2,2,4,4,6,4,3,6,3
"1698","lcl|c229658_g3_i2|m.14487",1,1,0,1,1,3,0,0,0,0,0,1
"1699","lcl|c229749_g1_i6|m.14586",1,2,0,0,1,1,0,1,0,1,1,2
"1700","lcl|c229751_g1_i2|m.14592",7,6,8,5,5,4,5,7,8,7,9,6
"1701","lcl|c229776_g6_i2|m.14612",3,2,1,2,2,2,0,2,1,3,1,1
"1702","lcl|c229826_g4_i5|m.14661",0,1,0,1,2,3,0,0,0,2,1,2
"1703","lcl|c229841_g2_i3|m.14677",10,8,5,7,9,9,7,7,11,8,7,7
"1704","lcl|c215553_g1_i10|m.4084",1,0,0,0,0,1,0,0,0,0,1,2
"1705","lcl|c229881_g6_i6|m.14719",16,14,11,13,14,11,12,14,11,13,13,11
"1706","lcl|c229939_g1_i1|m.14795",5,8,6,6,7,7,4,5,3,10,4,7
"1707","lcl|c229957_g1_i1|m.14808",0,4,2,3,5,4,2,0,1,1,2,1
"1708","lcl|c230011_g2_i5|m.14861",2,1,1,3,1,2,2,3,1,3,3,1
"1709","lcl|c230054_g1_i7|m.14897",5,3,6,4,6,5,3,5,5,5,4,6
"1710","lcl|c230073_g1_i10|m.14919",2,7,7,7,9,11,1,1,2,10,6,8
"1711","lcl|c230124_g3_i6|m.14973",21,16,15,19,11,14,16,24,18,20,20,24
"1712","lcl|c230335_g4_i4|m.15179",2,6,7,8,7,7,0,0,1,7,5,4
"1713","lcl|c230386_g2_i2|m.15225",10,9,8,9,11,10,8,11,8,11,8,9
"1714","lcl|c230405_g2_i6|m.15257",1,1,2,2,1,2,1,1,0,1,1,2
"1715","lcl|c215622_g1_i2|m.4124",3,2,1,2,0,0,2,1,1,2,1,2
"1716","lcl|c230438_g3_i4|m.15312",1,1,0,1,3,2,1,1,0,2,2,2
"1717","lcl|c230481_g5_i1|m.15356",5,3,4,3,3,2,4,2,3,3,2,5
"1718","lcl|c230823_g3_i1|m.15672",7,5,6,5,6,5,5,6,8,11,7,6
"1719","lcl|c230862_g3_i1|m.15714",4,3,3,4,10,7,1,1,2,3,5,9
"1720","lcl|c230880_g3_i5|m.15737",0,1,3,2,2,3,0,1,0,1,2,1
"1721","lcl|c231030_g9_i2|m.15907",1,3,4,3,1,3,2,2,5,5,4,2
"1722","lcl|c231030_g9_i4|m.15909",0,1,2,1,0,3,1,1,3,3,2,1
"1723","lcl|c231043_g3_i4|m.15925",2,4,4,4,3,3,3,4,3,4,4,4
"1724","lcl|c231068_g6_i2|m.15939",28,28,28,27,28,30,20,25,19,36,32,30
"1725","A0A1Q9DLJ1",2,4,3,1,1,2,1,3,1,2,3,2
"1726","lcl|c231142_g1_i4|m.15993",6,2,1,3,2,1,3,2,3,3,2,2
"1727","lcl|c231190_g4_i6|m.16031",4,1,4,4,2,5,3,5,6,6,6,4
"1728","lcl|c215676_g2_i1|m.4150",2,3,0,2,1,3,3,2,2,3,1,1
"1729","lcl|c231257_g1_i5|m.16082",1,2,2,2,2,1,3,2,2,2,2,1
"1730","lcl|c231271_g2_i4|m.16089",1,0,0,2,2,1,2,1,2,1,3,3
"1731","lcl|c231388_g1_i7|m.16192",2,3,1,1,0,0,2,1,2,1,0,1
"1732","lcl|c231430_g2_i6|m.16242",0,1,1,1,0,0,1,1,2,1,2,1
"1733","lcl|c231440_g4_i2|m.16256",5,7,1,2,3,3,4,5,3,3,3,4
"1734","lcl|c231469_g3_i4|m.16290",4,7,6,8,9,7,3,9,6,8,7,10
"1735","lcl|c231477_g1_i1|m.16301",0,0,1,1,0,1,2,0,1,2,1,1
"1736","lcl|c231506_g1_i1|m.16344",1,1,1,1,1,1,1,4,2,2,1,1
"1737","lcl|c231559_g1_i5|m.16408",6,7,3,6,6,9,5,6,8,9,6,8
"1738","lcl|c215741_g2_i3|m.4173",2,1,2,0,0,1,2,1,1,1,1,1
"1739","lcl|c231634_g1_i2|m.16472",13,10,9,7,14,12,13,12,16,10,11,12
"1740","lcl|c231821_g3_i1|m.16651",5,2,3,6,5,5,6,5,3,3,5,7
"1741","lcl|c231997_g2_i3|m.16900",4,11,8,10,9,10,6,5,7,10,11,10
"1742","lcl|c232046_g3_i8|m.16952",18,14,16,11,11,14,10,11,15,18,21,19
"1743","lcl|c232109_g7_i6|m.17002",4,2,3,3,3,2,3,4,3,3,4,2
"1744","lcl|c232249_g2_i1|m.17180",6,4,6,5,4,4,3,6,5,6,4,5
"1745","lcl|c232520_g2_i5|m.17456",3,3,3,2,3,1,2,2,2,3,3,2
"1746","lcl|c232597_g5_i4|m.17585",2,2,2,2,4,4,1,2,2,1,3,3
"1747","lcl|c232628_g4_i6|m.17623",1,0,2,1,1,0,1,5,2,2,0,1
"1748","lcl|c232653_g3_i1|m.17643",0,0,1,2,0,0,3,1,2,2,3,3
