Proteins,moduleColor,p.MM.turquoise,p.MM.blue,p.MM.grey
lcl|c236909_g3_i2|m.22685,blue,0.111036733,0.019204857,0.250395504
tr|A0A1Q9E2U7|A0A1Q9E2U7_SYMMI,blue,0.034534393,0.000860487,0.977140934
lcl|c212809_g1_i1|m.2850,blue,0.011722345,0.000781187,0.279045811
lcl|c224226_g3_i4|m.9666,blue,0.03630972,4.14E-06,0.508270348
lcl|c222585_g8_i4|m.8453,blue,0.077324474,0.006343567,0.958711053
lcl|c217182_g4_i2|m.5020,blue,0.072350259,6.31E-05,0.189233461
lcl|c98777_g1_i1|m.32741,blue,0.526520847,0.019168515,0.018615111
lcl|c239145_g1_i2|m.25349,blue,0.081018989,5.38E-05,0.320857003
tr|A0A1Q9CAD5|A0A1Q9CAD5_SYMMI,blue,0.020679737,8.30E-06,0.363208434
lcl|c210442_g1_i1|m.2181,blue,0.086370476,3.60E-05,0.559764513
lcl|c230297_g1_i1|m.15137,blue,0.089349235,9.43E-05,0.537637651
lcl|c228113_g1_i1|m.13052,blue,0.035855115,8.77E-05,0.853572085
lcl|c195747_g2_i1|m.945,blue,0.007592565,0.00032975,0.914821585
lcl|c231744_g6_i2|m.16589,blue,0.046176387,0.002037378,0.210423454
WP_115937307.1,blue,0.02036724,5.24E-05,0.619791532
lcl|c221999_g1_i4|m.8036,blue,0.123654274,0.000458739,0.520995624
lcl|c236523_g2_i4|m.22204,blue,0.083739764,7.54E-07,0.419743597
WP_105734305.1,blue,0.00250499,0.002884344,0.957037869
lcl|c207960_g1_i1|m.1712,blue,0.032174712,1.80E-06,0.502741941
lcl|c238572_g3_i3|m.24677,blue,0.029008665,3.38E-06,0.493859324
WP_057462966.1,blue,0.040785261,4.39E-06,0.367416328
lcl|c222436_g10_i1|m.8337,blue,0.012734763,0.001079599,0.781493991
lcl|c225858_g7_i1|m.10995,blue,0.020421426,0.060602061,0.85067154
lcl|c222197_g1_i5|m.8163,blue,0.01171613,0.000614911,0.513045387
lcl|c235441_g4_i6|m.20931,blue,0.187082412,0.001314007,0.063793731
lcl|c214397_g6_i2|m.3475,blue,0.073409434,8.03E-07,0.781208684
lcl|c229658_g3_i1|m.14486,blue,0.231487869,1.20E-05,0.31950946
lcl|c228945_g3_i1|m.13808,blue,0.00668866,0.000325852,0.926002565
lcl|c244084_g2_i1|m.31724,blue,0.044995332,0.007771177,0.253833067
WP_035248901.1,blue,0.067367327,1.12E-06,0.405241897
lcl|c237098_g1_i2|m.22911,blue,0.130561806,2.65E-07,0.412872725
WP_013068671.1,blue,0.020046028,0.019568458,0.356435735
lcl|c231931_g2_i1|m.16792,blue,0.049380599,8.39E-07,0.570271348
lcl|c241114_g1_i2|m.28195,blue,0.10337545,5.02E-08,0.612897599
lcl|c217182_g4_i3|m.5021,blue,0.066673536,0.005040291,0.385190343
lcl|c228772_g4_i5|m.13636,blue,0.003918466,0.000327874,0.585943035
lcl|c222950_g5_i5|m.8734,blue,0.056427459,1.02E-05,0.979604849
lcl|c235735_g2_i4|m.21279,blue,0.046155303,4.31E-06,0.674226936
tr|A0A1Q9CYG6|A0A1Q9CYG6_SYMMI,blue,0.087040104,5.20E-07,0.366436366
lcl|c228506_g1_i2|m.13379,blue,0.202340141,0.000655155,0.741242679
lcl|c211725_g14_i3|m.2532,blue,0.088381024,3.56E-08,0.661669515
lcl|c231190_g4_i1|m.16028,blue,0.015609488,0.000342481,0.637060541
lcl|c239887_g1_i1|m.26471,blue,0.127875386,3.22E-08,0.487212083
lcl|c229735_g7_i1|m.14573,blue,0.102951755,2.18E-08,0.481468743
lcl|c228678_g2_i10|m.13508,blue,0.21014686,9.85E-06,0.165707501
lcl|c241873_g2_i3|m.29039,blue,0.100805965,1.02E-05,0.38794331
lcl|c235036_g1_i1|m.20514,blue,0.175431793,2.14E-09,0.409830876
lcl|c229340_g1_i1|m.14173,blue,0.067782337,0.000121353,0.748826517
tr|A0A060BJD1|A0A060BJD1_9DINO,blue,0.163528837,1.31E-05,0.956680369
lcl|c244315_g1_i2|m.32024,blue,0.071208074,0.002980333,0.542660904
lcl|c227136_g2_i8|m.12192,blue,0.056579641,0.000275834,0.187088866
lcl|c228543_g5_i2|m.13413,blue,0.026472675,0.001808035,0.202204278
lcl|c235089_g1_i3|m.20552,blue,0.047874957,0.007922258,0.92804594
lcl|c214397_g6_i4|m.3476,blue,0.155534864,1.25E-07,0.60554831
lcl|c225568_g5_i1|m.10738,blue,0.18140414,2.33E-07,0.280477749
lcl|c225098_g3_i9|m.10362,blue,0.142584475,0.000236963,0.918180105
lcl|c232684_g7_i2|m.17670,blue,0.030888132,0.000102529,0.878845806
lcl|c230219_g2_i3|m.15063,blue,0.00637246,0.005677949,0.308023946
WP_109760920.1,blue,0.078735103,0.003251223,0.707156751
lcl|c243308_g5_i1|m.30798,blue,0.024657431,0.000142431,0.41800308
lcl|c214108_g4_i4|m.3369,blue,0.023010723,0.000103341,0.988480217
lcl|c240911_g1_i2|m.27934,blue,0.152237919,2.00E-06,0.851772102
lcl|c229110_g2_i1|m.13970,blue,0.213412662,0.00128382,0.796825572
lcl|c233603_g4_i1|m.18756,blue,0.31872794,0.026302321,0.239205192
lcl|c233012_g3_i3|m.18031,blue,0.014610874,0.000327699,0.919529135
lcl|c224242_g3_i7|m.9677,blue,0.029031031,7.35E-06,0.686536751
lcl|c211249_g1_i1|m.2384,blue,0.023324725,5.45E-05,0.929925373
lcl|c240216_g1_i1|m.26919,blue,0.209109455,2.70E-05,0.4220695
lcl|c223971_g2_i1|m.9513,blue,0.705236595,0.000228378,0.78573847
lcl|c231281_g6_i3|m.16097,blue,0.153069972,1.28E-07,0.583293883
lcl|c220748_g5_i2|m.7116,blue,0.048187224,1.05E-06,0.494191848
lcl|c169842_g1_i1|m.507,blue,0.203397427,2.54E-10,0.45064889
lcl|c217654_g5_i4|m.5303,blue,0.089208888,1.87E-07,0.75819222
lcl|c226875_g2_i1|m.11884,blue,0.059469055,2.76E-05,0.917144385
lcl|c227206_g2_i4|m.12245,blue,0.229127464,7.50E-10,0.436429859
lcl|c231469_g3_i4|m.16290,blue,0.136839523,8.02E-08,0.770560661
tr|U5LXZ8|U5LXZ8_9CNID,blue,0.232641346,6.56E-08,0.411322991
lcl|c243154_g1_i1|m.30688,blue,0.101766449,1.23E-07,0.666655323
lcl|c224432_g1_i4|m.9787,blue,0.033236433,9.75E-06,0.477996598
lcl|c210735_g5_i3|m.2260,blue,0.0813205,8.73E-07,0.499106158
lcl|c210226_g1_i1|m.2139,blue,0.135374324,4.49E-06,0.717766279
lcl|c225590_g2_i4|m.10752,blue,0.220593005,7.03E-07,0.868603864
lcl|c221593_g3_i1|m.7753,blue,0.190497562,6.71E-11,0.471379526
lcl|c239959_g1_i6|m.26571,blue,0.352522202,2.41E-06,0.607270368
lcl|c226344_g7_i1|m.11422,blue,0.108483801,5.61E-07,0.911715397
lcl|c222459_g5_i1|m.8379,blue,0.103108764,2.83E-08,0.673054106
lcl|c216038_g5_i1|m.4365,blue,0.068352448,2.05E-07,0.66807284
lcl|c230335_g4_i4|m.15179,blue,0.447122654,1.27E-05,0.336968191
lcl|c244439_g1_i1|m.32192,blue,0.132536883,1.67E-06,0.502908001
lcl|c230862_g3_i1|m.15714,blue,0.165116613,3.92E-08,0.627394336
lcl|c215316_g1_i1|m.3942,blue,0.094300452,0.000995751,0.464572891
lcl|c225618_g2_i6|m.10783,blue,0.357903496,3.51E-07,0.463552783
lcl|c234352_g2_i1|m.19757,blue,0.047910062,0.000581266,0.604152817
lcl|c220306_g1_i5|m.6860,blue,0.132210984,5.16E-08,0.715143822
lcl|c223484_g3_i4|m.9156,blue,0.23752937,1.55E-09,0.396425737
lcl|c231310_g2_i3|m.16119,blue,0.250310252,1.19E-08,0.451356254
lcl|c219901_g4_i1|m.6631,blue,0.080433434,0.000707508,0.647160505
lcl|c227361_g2_i9|m.12363,blue,0.231966022,1.53E-11,0.463819729
lcl|c220936_g1_i1|m.7247,blue,0.174318857,2.78E-09,0.494874038
lcl|c229939_g1_i1|m.14795,blue,0.545219871,0.000290203,0.399233969
lcl|c221482_g1_i3|m.7664,blue,0.557385438,1.24E-06,0.256086874
lcl|c233449_g1_i1|m.18576,blue,0.208582497,0.047082824,0.058968225
lcl|c217341_g1_i2|m.5116,blue,0.028200911,0.002191087,0.770488874
lcl|c219237_g2_i4|m.6297,blue,0.039860787,5.34E-05,0.771270367
tr|A0A1Q9F5D7|A0A1Q9F5D7_SYMMI,blue,0.128056449,4.27E-08,0.421391695
lcl|c228692_g3_i3|m.13558,blue,0.200458883,1.93E-06,0.996394472
RZO77719.1,blue,0.222161258,1.97E-08,0.51663585
lcl|c229422_g1_i2|m.14250,blue,0.176995315,2.04E-08,0.540013228
lcl|c223990_g2_i1|m.9532,blue,0.315139685,0.000615482,0.094522351
lcl|c241516_g1_i3|m.28672,blue,0.22039091,0.000110462,0.482790114
lcl|c242885_g1_i1|m.30332,blue,0.450916014,5.96E-08,0.437055049
lcl|c223611_g2_i1|m.9248,blue,0.446443565,3.96E-05,0.315064485
tr|A0A1Q9C7N1|A0A1Q9C7N1_SYMMI,blue,0.129891402,0.0003486,0.506465807
tr|Q2HX33|Q2HX33_9DINO,blue,0.117824034,3.07E-07,0.369786569
lcl|c210532_g1_i1|m.2196,blue,0.110731782,5.80E-07,0.595894876
lcl|c242139_g4_i2|m.29446,blue,0.151628927,0.002140101,0.125539717
lcl|c228190_g3_i6|m.13111,blue,0.150931544,1.68E-07,0.352859407
lcl|c211278_g7_i1|m.2402,blue,0.338170286,3.92E-08,0.561308235
lcl|c216856_g6_i1|m.4812,blue,0.408517736,1.14E-08,0.47308364
lcl|c215423_g1_i1|m.4014,blue,0.377582997,6.17E-09,0.475093065
lcl|c219131_g1_i2|m.6201,blue,0.535995917,2.24E-07,0.497401812
lcl|c238677_g1_i1|m.24810,blue,0.418435974,3.47E-05,0.458110844
lcl|c232607_g4_i4|m.17601,blue,0.381193829,1.46E-05,0.089813011
tr|Q2HX31|Q2HX31_9DINO,blue,0.008710493,0.001830278,0.753828879
lcl|c214602_g8_i1|m.3549,blue,0.325393517,7.27E-08,0.606915488
lcl|c221884_g1_i3|m.7955,blue,0.310188878,1.19E-09,0.422101397
lcl|c219546_g2_i1|m.6439,blue,0.025868071,5.01E-05,0.898117209
lcl|c235743_g4_i1|m.21296,blue,0.185432794,3.89E-07,0.43437311
lcl|c233215_g1_i5|m.18281,blue,0.28595493,8.20E-07,0.194242457
lcl|c227206_g2_i2|m.12244,blue,0.168921345,3.16E-08,0.601226154
lcl|c234877_g1_i1|m.20373,blue,0.20628058,1.91E-06,0.707480164
lcl|c217788_g4_i2|m.5364,blue,0.358328676,0.000329224,0.906741639
lcl|c234789_g3_i1|m.20259,blue,0.224944862,1.27E-05,0.126199626
lcl|c225593_g2_i3|m.10758,blue,0.453915092,0.000218392,0.728346972
lcl|c226739_g4_i2|m.11743,blue,0.475587641,2.33E-07,0.485792823
lcl|c211850_g3_i1|m.2552,blue,0.503335846,3.66E-08,0.458694929
lcl|c244372_g1_i1|m.32092,blue,0.154561645,6.87E-07,0.682317443
lcl|c225538_g6_i2|m.10715,blue,0.412589731,0.000549825,0.33335448
lcl|c226445_g4_i2|m.11481,blue,0.319088778,1.95E-08,0.250123057
lcl|c227188_g1_i3|m.12224,blue,0.046198622,0.000694892,0.774021388
lcl|c232986_g1_i4|m.17993,blue,0.422964323,4.03E-08,0.516431589
WP_200280228.1,blue,0.016440132,0.00408005,0.213483154
lcl|c218655_g2_i5|m.5887,blue,0.521118358,0.004468032,0.095456107
lcl|c212912_g1_i1|m.2890,blue,0.182388428,1.45E-09,0.636139719
lcl|c229583_g3_i7|m.14431,blue,0.510387024,3.06E-07,0.643195181
lcl|c229582_g1_i2|m.14429,blue,0.323495488,1.61E-06,0.163879677
lcl|c225323_g2_i2|m.10522,blue,0.114800306,1.51E-05,0.887742886
lcl|c179980_g2_i2|m.640,blue,0.423756514,3.99E-08,0.46246625
lcl|c229494_g4_i7|m.14309,blue,0.477980247,8.97E-07,0.203208184
lcl|c223865_g4_i1|m.9444,blue,0.419285172,1.35E-06,0.289304079
lcl|c240857_g5_i1|m.27819,blue,0.276018022,5.16E-11,0.453660313
lcl|c243349_g1_i4|m.30872,blue,0.265134069,2.32E-10,0.696628366
lcl|c239229_g3_i1|m.25467,blue,0.065528722,0.01271677,0.56221815
lcl|c233818_g2_i6|m.19032,blue,0.032075315,2.01E-05,0.82297934
lcl|c229705_g1_i1|m.14556,blue,0.464816909,2.20E-08,0.495092172
lcl|c99487_g1_i1|m.32745,blue,0.439353734,8.54E-08,0.462792726
lcl|c218222_g6_i2|m.5640,blue,0.065674981,3.75E-05,0.188010153
lcl|c242303_g4_i4|m.29632,blue,0.449383049,1.73E-07,0.392902737
lcl|c238591_g4_i10|m.24704,blue,0.049791934,0.001573759,0.635354324
lcl|c236360_g3_i2|m.22033,blue,0.3110049,2.29E-06,0.471949163
lcl|c221971_g2_i2|m.8018,blue,0.204400057,1.27E-05,0.31781722
lcl|c239682_g2_i1|m.26160,blue,0.226383099,0.003025349,0.763711659
lcl|c225829_g1_i1|m.10978,blue,0.476346786,2.07E-07,0.465695373
lcl|c202472_g1_i1|m.1259,blue,0.44707776,2.77E-08,0.412256558
lcl|c160676_g1_i1|m.404,blue,0.341333996,3.82E-10,0.449577984
lcl|c229826_g4_i5|m.14661,blue,0.492881963,3.92E-08,0.472462622
lcl|c234075_g1_i1|m.19400,blue,0.419708309,0.02917739,0.506707491
lcl|c216953_g1_i3|m.4865,blue,0.282555874,2.62E-08,0.383657647
lcl|c231030_g9_i1|m.15904,blue,0.010680086,0.001595244,0.822696285
lcl|c231988_g7_i3|m.16894,blue,0.67118844,1.34E-05,0.530929282
lcl|c221967_g2_i3|m.8016,blue,0.623174431,4.97E-05,0.31448332
lcl|c218053_g2_i1|m.5517,blue,0.172917427,5.67E-06,0.905687684
lcl|c215434_g3_i1|m.4032,blue,0.467208603,4.87E-08,0.490903967
lcl|c216567_g2_i2|m.4643,blue,0.813155509,0.000653833,0.295507844
lcl|c208130_g1_i1|m.1735,blue,0.282480922,0.000337824,0.95621274
lcl|c227188_g1_i1|m.12222,blue,0.028108667,0.001319447,0.922875448
lcl|c244407_g1_i3|m.32143,blue,0.309898881,9.75E-07,0.350914298
lcl|c224809_g3_i1|m.10148,blue,0.55736219,8.78E-07,0.274323543
lcl|c215979_g1_i4|m.4328,blue,0.530190117,8.23E-08,0.458727741
tr|A0A1Q9DE34|A0A1Q9DE34_SYMMI,blue,0.360815685,4.56E-06,0.433552233
lcl|c213652_g3_i1|m.3162,blue,0.399734316,1.49E-07,0.430913952
lcl|c227265_g2_i4|m.12287,blue,0.443517436,4.32E-07,0.26240527
lcl|c232731_g2_i1|m.17722,blue,0.716829121,1.01E-05,0.350398932
lcl|c241803_g5_i1|m.28948,blue,0.558321388,1.33E-07,0.431877939
lcl|c222899_g2_i2|m.8689,blue,0.009464082,0.011582571,0.800002352
lcl|c219704_g3_i2|m.6534,blue,0.493114025,3.72E-08,0.61567163
lcl|c219749_g3_i4|m.6554,blue,0.435706593,3.18E-05,0.989879082
lcl|c223484_g3_i2|m.9155,blue,0.691348401,1.47E-05,0.7156498
lcl|c240521_g1_i4|m.27364,blue,0.058181121,0.00199916,0.643258943
lcl|c243010_g3_i1|m.30515,blue,0.24764274,1.77E-07,0.574501095
lcl|c213642_g1_i2|m.3160,blue,0.326916634,1.19E-06,0.867311146
lcl|c217988_g6_i3|m.5463,blue,0.039264076,0.00126702,0.521283814
lcl|c226303_g1_i2|m.11380,blue,0.439288986,1.82E-06,0.1469338
lcl|c199545_g1_i1|m.1080,blue,0.573537388,1.19E-07,0.42153682
lcl|c230570_g2_i2|m.15424,blue,0.61042055,3.29E-07,0.51169258
lcl|c218903_g1_i1|m.6054,blue,0.455026063,8.60E-08,0.4911218
lcl|c229957_g1_i1|m.14808,blue,0.607477672,7.18E-07,0.329436905
lcl|c237291_g3_i3|m.23123,blue,0.639324662,3.19E-06,0.69756195
lcl|c225696_g1_i1|m.10828,blue,0.601386314,2.21E-07,0.450942437
lcl|c215632_g4_i4|m.4127,blue,0.592548307,3.03E-07,0.490522904
lcl|c239101_g4_i2|m.25293,blue,0.462594978,1.02E-08,0.455040497
lcl|c235283_g6_i2|m.20781,blue,0.386118513,0.000102604,0.063414591
lcl|c228164_g3_i4|m.13090,blue,0.399772836,4.69E-07,0.436941534
lcl|c237291_g3_i2|m.23122,blue,0.711855671,2.74E-06,0.62453695
lcl|c234657_g3_i4|m.20097,blue,0.113493639,0.016666201,0.267730314
lcl|c238192_g2_i2|m.24225,blue,0.565044341,1.42E-06,0.392781922
lcl|c215762_g1_i1|m.4180,blue,0.556533891,1.19E-07,0.426242617
lcl|c222639_g5_i2|m.8480,blue,0.449131411,1.42E-07,0.436225557
lcl|c224093_g2_i2|m.9595,blue,0.571439041,3.00E-07,0.37095934
lcl|c227910_g4_i10|m.12878,blue,0.285306651,0.003685094,0.727760638
lcl|c231997_g2_i3|m.16900,blue,0.52665242,2.04E-07,0.492515343
lcl|c212827_g4_i1|m.2867,blue,0.535890523,7.40E-06,0.34440618
lcl|c228623_g6_i3|m.13470,blue,0.338107243,2.93E-05,0.98361986
lcl|c220899_g1_i2|m.7227,blue,0.30899021,0.002831766,0.478804476
tr|A0A1Q9CGR1|A0A1Q9CGR1_SYMMI,blue,0.632891973,9.35E-07,0.348518464
lcl|c129724_g1_i1|m.160,blue,0.680424237,1.06E-06,0.472986311
lcl|c108423_g2_i1|m.37,blue,0.670801565,6.77E-07,0.599906853
lcl|c243039_g1_i1|m.30534,blue,0.140224441,0.000722761,0.903206203
lcl|c212826_g3_i1|m.2861,blue,0.712675586,3.34E-06,0.703563182
lcl|c235670_g8_i2|m.21195,blue,0.519384695,4.12E-07,0.586756248
lcl|c237027_g3_i11|m.22792,blue,0.590436189,6.26E-07,0.669383863
lcl|c240612_g3_i13|m.27477,blue,0.541808885,2.44E-06,0.240660626
lcl|c226079_g3_i1|m.11186,blue,0.421866515,8.95E-08,0.489275197
lcl|c228190_g3_i8|m.13112,blue,0.797982572,6.01E-06,0.712711237
lcl|c230335_g4_i1|m.15178,blue,0.727074017,2.07E-06,0.544538336
lcl|c233474_g3_i1|m.18592,blue,0.821606111,8.77E-06,0.295376706
lcl|c223849_g2_i2|m.9432,blue,0.848978283,5.54E-05,0.378649464
lcl|c226079_g3_i1|m.11187,blue,0.317974577,6.57E-06,0.372623105
lcl|c231956_g3_i1|m.16823,blue,0.723808916,3.76E-06,0.620019473
lcl|c210529_g2_i1|m.2194,blue,0.561964518,2.01E-07,0.531152722
lcl|c226335_g2_i1|m.11421,blue,0.735685381,1.78E-06,0.427549725
lcl|c225115_g3_i1|m.10372,blue,0.648163798,1.72E-06,0.623185083
lcl|c237638_g1_i15|m.23528,blue,0.18753911,5.22E-05,0.455839026
lcl|c222950_g5_i7|m.8739,blue,0.802206843,1.03E-05,0.449389749
lcl|c219500_g1_i1|m.6420,blue,0.760901172,4.13E-06,0.477300626
lcl|c184118_g1_i1|m.691,blue,0.724515188,3.51E-06,0.438780994
lcl|c239219_g5_i1|m.25453,blue,0.748364587,3.45E-06,0.441655519
lcl|c233143_g2_i13|m.18204,blue,0.044464044,0.019852983,0.180301824
lcl|c223611_g2_i1|m.9246,blue,0.793216647,4.45E-06,0.538056205
lcl|c221774_g2_i1|m.7854,blue,0.112700387,0.002841746,0.789026921
lcl|c210670_g1_i5|m.2233,blue,0.810425718,0.016034354,0.760410903
lcl|c237730_g2_i10|m.23656,blue,0.836389052,9.70E-06,0.628698175
lcl|c230758_g1_i1|m.15596,blue,0.236852799,0.025807092,0.983130202
lcl|c223163_g2_i2|m.8916,blue,0.046323724,0.000407435,0.603238186
lcl|c235213_g4_i11|m.20710,blue,0.088412221,0.041939977,0.186319094
lcl|c207857_g1_i1|m.1690,blue,0.953601519,9.18E-05,0.524243925
lcl|c233339_g2_i12|m.18429,blue,0.271095659,0.00021244,0.546799733
lcl|c216124_g1_i2|m.4405,blue,0.103577321,0.000418111,0.775399765
lcl|c225115_g3_i1|m.10373,blue,0.672223828,1.26E-06,0.529323005
lcl|c228978_g2_i1|m.13840,blue,0.60100682,2.45E-06,0.760279662
lcl|c234950_g6_i3|m.20442,blue,0.856387086,1.39E-05,0.57829748
lcl|c226505_g3_i2|m.11536,blue,0.284097988,0.00107255,0.420510053
lcl|c228772_g4_i3|m.13634,blue,0.110887007,0.000261975,0.559418127
lcl|c235850_g2_i3|m.21382,blue,0.487554744,0.000327533,0.091384491
lcl|c213160_g2_i5|m.2982,blue,0.631607846,2.19E-06,0.729761719
lcl|c219194_g2_i4|m.6260,blue,0.767637901,0.006828453,0.733879964
lcl|c223842_g4_i5|m.9424,blue,0.800395737,7.44E-06,0.50203705
lcl|c212297_g3_i2|m.2674,blue,0.233610023,0.018960417,0.131023904
lcl|c242246_g1_i5|m.29540,blue,0.817641331,1.20E-05,0.469142748
lcl|c230438_g3_i4|m.15312,blue,0.451767647,0.039492657,0.689311595
lcl|c221130_g3_i2|m.7408,blue,0.26658623,0.000128657,0.623296878
lcl|c224457_g3_i2|m.9821,blue,0.501184304,0.074289919,0.03875054
lcl|c224201_g3_i8|m.9658,blue,0.607117371,1.66E-05,0.637275238
lcl|c234522_g3_i2|m.19927,blue,0.483477437,0.001520242,0.568455929
lcl|c233840_g3_i1|m.19060,blue,0.959163009,4.87E-05,0.634876216
lcl|c221736_g1_i11|m.7820,blue,0.561353417,8.74E-07,0.48543983
tr|A0A1Q9D014|A0A1Q9D014_SYMMI,blue,0.805318927,0.01435993,0.703976637
lcl|c240628_g3_i3|m.27511,blue,0.13073411,0.006596639,0.373094529
lcl|c207018_g1_i2|m.1610,blue,0.76928553,0.000135748,0.545168749
lcl|c239381_g2_i1|m.25706,blue,0.229807589,0.017473851,0.203438853
lcl|c230414_g1_i1|m.15275,blue,0.06058322,0.0006985,0.65742672
lcl|c217381_g1_i2|m.5165,blue,0.86876898,1.46E-05,0.557261768
lcl|c223611_g2_i2|m.9249,blue,0.956476514,7.58E-05,0.483287894
lcl|c216057_g3_i1|m.4371,blue,0.161754886,0.01125534,0.016537499
lcl|c84792_g1_i1|m.32689,blue,0.72270756,1.76E-05,0.868151641
lcl|c229422_g1_i9|m.14251,blue,0.325212799,1.63E-05,0.879737824
lcl|c205012_g1_i1|m.1420,blue,0.774221884,0.023482153,0.170604075
lcl|c208276_g2_i1|m.1762,blue,0.852418779,0.000869279,0.936330104
lcl|c222555_g2_i4|m.8428,blue,0.035655258,0.022094133,0.971708744
lcl|c243791_g1_i1|m.31323,blue,0.326868581,0.049094107,0.018935121
lcl|c218881_g3_i1|m.6021,blue,0.176576799,0.066341119,0.186095874
lcl|c227804_g2_i3|m.12774,blue,0.452527093,0.081235766,0.383120456
lcl|c243262_g1_i11|m.30755,blue,0.978499397,6.44E-05,0.624461506
lcl|c230880_g3_i5|m.15737,blue,0.467735134,0.003904881,0.799833362
lcl|c210228_g3_i1|m.2141,blue,0.993688333,0.025554232,0.511732489
lcl|c210150_g1_i1|m.2119,blue,0.349663877,0.030768847,0.909931443
tr|A0A1Q9C9B1|A0A1Q9C9B1_SYMMI,blue,0.837063751,0.000129672,0.350562377
lcl|c236955_g1_i2|m.22718,blue,0.873105016,0.048467406,0.084931862
lcl|c236286_g4_i1|m.21959,blue,0.827825189,0.129298154,0.720835596
lcl|c236844_g2_i5|m.22607,blue,0.398022609,0.008031998,0.41922584
lcl|c215979_g2_i1|m.4331,blue,0.783555926,0.001668589,0.947506244
lcl|c216129_g1_i2|m.4409,blue,0.207363,0.133110483,0.585850244
lcl|c221832_g4_i5|m.7893,blue,0.893305133,0.001716588,0.880187875
lcl|c236780_g2_i2|m.22510,blue,0.589903684,0.001925651,0.629664846
lcl|c220319_g5_i1|m.6862,blue,0.50297055,0.225326436,0.374056903
lcl|c230102_g4_i1|m.14957,blue,0.162649042,0.013056232,0.213898097
WP_183196559.1,blue,0.742701068,0.058629109,0.758116472
lcl|c224580_g1_i1|m.9970,blue,0.802847185,0.001238246,0.767169603
lcl|c244347_g1_i1|m.32074,blue,0.415523139,0.004707304,0.534056233
tr|Q76EI0|Q76EI0_9DINO,blue,0.421008781,0.059931752,0.694151902
lcl|c237043_g2_i1|m.22823,blue,0.707181169,0.054451056,0.588601277
lcl|c241569_g1_i5|m.28720,blue,0.380793487,0.085492653,0.824844673
lcl|c229482_g2_i3|m.14286,blue,0.648193921,0.055817722,0.469934586
lcl|c241874_g1_i1|m.29044,blue,0.736814999,0.03504451,0.90740062
lcl|c221396_g5_i1|m.7603,blue,0.536394273,0.030530648,0.580244918
lcl|c238912_g1_i4|m.25063,blue,0.294003555,0.037104219,0.860737797
lcl|c241874_g1_i1|m.29043,grey,0.167492785,0.28126872,0.002019883
lcl|c238156_g5_i4|m.24180,grey,0.064845537,0.079811362,0.598698506
lcl|c217887_g8_i2|m.5422,grey,0.18597464,0.477336996,0.308955234
tr|R4QWT4|R4QWT4_SYMKA,grey,0.033636635,0.63346443,0.846333865
lcl|c232386_g2_i1|m.17314,grey,0.422547432,0.821351539,0.586113166
lcl|c226846_g2_i3|m.11856,grey,0.06582256,0.065068983,0.373522395
lcl|c225352_g1_i1|m.10544,grey,0.175708418,0.96642921,0.575319355
lcl|c233774_g10_i1|m.19002,grey,0.283944226,0.270596118,0.821660242
lcl|c237420_g3_i1|m.23247,grey,0.110771541,0.885484397,0.592176897
lcl|c230386_g2_i1|m.15223,grey,0.380793997,0.866084338,0.796049889
lcl|c228390_g1_i2|m.13299,grey,0.001736742,0.327760773,0.062392626
lcl|c206182_g1_i1|m.1515,grey,0.096975147,0.598916302,0.982822422
tr|A0A0A0N2N8|A0A0A0N2N8_9DINO,grey,0.356516003,0.300283464,9.62E-05
lcl|c227758_g2_i4|m.12736,grey,0.140429527,0.951041537,0.70311088
lcl|c236955_g1_i6|m.22719,grey,0.334079986,0.203305538,0.060397976
tr|D1MW22|D1MW22_9DINO,grey,0.028782499,0.130040959,0.007993978
lcl|c216598_g2_i1|m.4667,grey,0.691109683,0.40672972,0.321580618
lcl|c218872_g2_i3|m.6012,grey,0.046321385,0.228147998,0.006892
lcl|c238676_g4_i2|m.24803,grey,0.053481247,0.357090449,0.050248129
lcl|c232660_g2_i7|m.17650,grey,0.276953407,0.891856568,0.31731534
tr|A0A1Q9EC21|A0A1Q9EC21_SYMMI,grey,0.987641719,0.698332459,0.965934404
lcl|c229056_g1_i4|m.13924,grey,0.147850758,0.681965061,0.854701527
lcl|c243813_g3_i2|m.31355,grey,0.089505795,0.791761561,0.191165468
lcl|c235563_g1_i10|m.21080,grey,0.374047622,0.476884523,0.070151937
lcl|c243774_g1_i2|m.31291,grey,0.939452993,0.083782422,0.010909503
lcl|c214573_g3_i1|m.3534,grey,0.020480294,0.340416472,0.08024811
lcl|c227762_g5_i1|m.12740,grey,0.861716725,0.412234445,0.763740655
lcl|c242709_g1_i2|m.30167,grey,0.913075789,0.074910492,0.007217133
lcl|c234474_g1_i1|m.19866,grey,0.237563763,0.160674345,0.154960619
lcl|c242581_g1_i1|m.29984,grey,0.40446659,0.658559159,0.616225722
lcl|c240483_g2_i3|m.27310,grey,0.912913439,0.315813859,0.590268645
lcl|c241251_g1_i1|m.28362,grey,0.120756421,0.803522204,0.990760596
tr|A0A1Q9C874|A0A1Q9C874_SYMMI,grey,0.253869378,0.220901924,2.63E-05
lcl|c167034_g1_i1|m.471,grey,0.224377747,0.178566846,0.882166949
tr|G9I8R3|G9I8R3_SYMMI,grey,0.515056529,0.235816015,0.000217897
lcl|c232046_g3_i2|m.16949,grey,0.024933809,0.60216947,0.876787411
lcl|c240828_g2_i2|m.27775,grey,0.18703484,0.54307118,0.469256803
lcl|c241252_g2_i3|m.28365,grey,0.193819659,0.136819792,0.53252713
lcl|c200741_g1_i1|m.1151,grey,0.367294988,0.471175002,0.047531504
lcl|c238994_g2_i1|m.25162,grey,0.216435877,0.707468529,0.179176986
lcl|c228838_g1_i2|m.13701,grey,0.021754265,0.045183569,0.220618812
lcl|c232769_g4_i2|m.17751,grey,0.481289761,0.537296088,0.749178458
sp|Q41406|RBL2_SYMSP,grey,0.600811147,0.594061659,0.001746628
lcl|c237578_g2_i2|m.23441,grey,0.722370828,0.166642976,3.15E-05
lcl|c239816_g8_i3|m.26354,grey,0.310800236,0.157849277,0.016824887
sp|P51874|PCP_SYMSP,grey,0.145402376,0.497080039,0.001422768
lcl|c232520_g2_i3|m.17452,grey,0.070333457,0.611334344,0.479125134
lcl|c219817_g1_i3|m.6593,grey,0.609149829,0.607891503,0.82064614
tr|A0A0K0VKB7|A0A0K0VKB7_SYMMI,grey,0.854816205,0.413894808,8.62E-06
WP_010385636.1,grey,0.62243745,0.190308379,0.753821473
lcl|c222558_g2_i4|m.8433,grey,0.060078593,0.121693722,0.389883775
lcl|c241357_g3_i6|m.28476,grey,0.758874894,0.100714893,0.745671404
lcl|c231891_g1_i1|m.16759,grey,0.066566542,0.332745003,0.024869004
lcl|c217576_g1_i1|m.5259,grey,0.525953379,0.293070466,0.7418008
lcl|c218043_g6_i11|m.5511,grey,0.06752045,0.995633906,0.518315559
lcl|c233142_g2_i1|m.18198,grey,0.070086395,0.165559233,0.088089846
lcl|c218201_g1_i2|m.5620,grey,0.819997251,0.622087977,0.097397451
tr|E0WED1|E0WED1_9DINO,grey,0.10166815,0.285370466,0.019967097
lcl|c237560_g2_i1|m.23397,grey,0.139433178,0.584437128,0.407115652
tr|E0WED5|E0WED5_9DINO,grey,0.300562853,0.982907413,0.001276394
lcl|c228016_g1_i1|m.12966,grey,0.596978043,0.198249367,0.394334197
lcl|c229646_g1_i2|m.14480,grey,0.36053127,0.324622577,0.04938159
lcl|c221925_g1_i3|m.7988,grey,0.138684419,0.206037124,0.811540182
lcl|c242793_g1_i1|m.30227,grey,0.283465607,0.104015906,0.947575551
lcl|c227758_g2_i3|m.12735,grey,0.287013053,0.536242623,0.821289504
lcl|c236655_g1_i2|m.22362,grey,0.287927572,0.587801393,0.088431422
lcl|c223808_g2_i1|m.9405,grey,0.310592988,0.729753245,0.962867863
lcl|c226189_g2_i2|m.11277,grey,0.117831923,0.948904646,0.70760626
lcl|c234546_g4_i6|m.19966,grey,0.400243493,0.132852435,0.517478968
tr|A0A1Q9CJK1|A0A1Q9CJK1_SYMMI,grey,0.643250769,0.365549167,1.84E-05
lcl|c215957_g2_i7|m.4321,grey,0.279167842,0.862743292,0.043844727
lcl|c217737_g4_i4|m.5348,grey,0.413053129,0.750888879,0.103634057
lcl|c225009_g5_i8|m.10303,grey,0.42094838,0.145566468,0.140330774
lcl|c234643_g1_i2|m.20073,grey,0.014626894,0.745387904,0.032713445
lcl|c216448_g1_i1|m.4592,grey,0.264986363,0.961645328,0.156277942
lcl|c214971_g6_i7|m.3760,grey,0.567830841,0.111771614,0.02667825
lcl|c239883_g8_i2|m.26469,grey,0.169800018,0.102181317,0.130405901
lcl|c234421_g4_i7|m.19822,grey,0.481749145,0.672451735,0.536537917
lcl|c228868_g10_i1|m.13735,grey,0.863901432,0.515317391,0.344046643
lcl|c239816_g8_i1|m.26351,grey,0.621335393,0.112550306,0.035644275
lcl|c237550_g1_i1|m.23390,grey,0.415559334,0.210317664,0.744816547
lcl|c222276_g1_i3|m.8231,grey,0.240367189,0.359269925,0.823111625
lcl|c218197_g1_i1|m.5617,grey,0.840446458,0.810580659,0.49850667
tr|A0A1Q9DHE0|A0A1Q9DHE0_SYMMI,grey,0.939829431,0.965702783,0.001403663
lcl|c234643_g1_i7|m.20081,grey,0.974152969,0.593922508,0.168234895
lcl|c233849_g5_i1|m.19072,grey,0.303981093,0.963672871,0.83904396
tr|E0WED8|E0WED8_9DINO,grey,0.590400835,0.519229975,0.000108129
lcl|c225593_g2_i3|m.10759,grey,0.458548701,0.118833671,0.378414243
lcl|c235757_g3_i5|m.21305,grey,0.239776876,0.646612683,0.530988499
tr|A0A060BQ26|A0A060BQ26_9DINO,grey,0.418307629,0.166350998,0.05806288
lcl|c241220_g4_i2|m.28322,grey,0.687496675,0.884822926,0.001033836
lcl|c234277_g5_i1|m.19677,grey,0.786365637,0.610741534,0.139305091
lcl|c236210_g3_i1|m.21846,grey,0.851921718,0.21399792,0.269990323
lcl|c224456_g4_i3|m.9819,grey,0.65941637,0.513729769,2.68E-05
lcl|c224698_g7_i8|m.10072,grey,0.89398177,0.55086985,0.203449237
lcl|c236037_g2_i3|m.21607,grey,0.065129902,0.705714225,0.423904518
lcl|c225789_g4_i1|m.10946,grey,0.293881316,0.192705523,0.015381378
lcl|c233103_g2_i1|m.18143,grey,0.59439478,0.612697219,0.600471613
lcl|c240106_g2_i2|m.26779,grey,0.783522357,0.507615891,0.070710199
tr|Q5DWT1|Q5DWT1_9DINO,grey,0.621059738,0.396416138,3.53E-05
lcl|c237814_g2_i1|m.23784,grey,0.461384938,0.91949934,0.871420118
lcl|c241031_g1_i1|m.28098,grey,0.253457615,0.358159099,0.462696793
lcl|c234226_g1_i1|m.19634,grey,0.92114635,0.181253628,0.182853391
lcl|c8051_g1_i1|m.32674,grey,0.164866525,0.705119546,0.710082981
lcl|c223716_g4_i1|m.9328,grey,0.298197342,0.455468787,0.184393072
lcl|c225756_g1_i2|m.10914,grey,0.095171399,0.512333162,0.053285881
lcl|c222208_g5_i7|m.8170,grey,0.448890905,0.053875505,0.365331269
lcl|c225859_g2_i1|m.10996,grey,0.268027214,0.498127216,0.304383998
tr|E0WEC7|E0WEC7_9DINO,grey,0.484525012,0.263565943,0.001087794
lcl|c237814_g2_i2|m.23785,grey,0.268033847,0.272781604,0.956909882
lcl|c230171_g1_i1|m.15015,grey,0.221877511,0.779400229,0.361321119
lcl|c216467_g8_i1|m.4596,grey,0.695740225,0.829033652,0.166969095
tr|A0A1Q9DYI9|A0A1Q9DYI9_SYMMI,grey,0.094918723,0.858074226,0.003281723
lcl|c241022_g4_i5|m.28088,grey,0.809225505,0.388842359,0.149802692
lcl|c234643_g1_i6|m.20078,grey,0.716805704,0.803478247,0.112935924
lcl|c216467_g10_i1|m.4595,grey,0.78229873,0.596328442,0.150596622
lcl|c233287_g2_i1|m.18368,grey,0.178496503,0.774572644,0.536622312
lcl|c240793_g1_i1|m.27747,grey,0.906346546,0.127878014,0.380221083
tr|A0A1Q9CZF9|A0A1Q9CZF9_SYMMI,grey,0.38617899,0.662706122,7.07E-05
lcl|c225632_g3_i1|m.10790,grey,0.683861034,0.46457702,0.474957252
lcl|c222437_g1_i1|m.8351,grey,0.361103282,0.517125123,0.007062964
lcl|c236250_g3_i2|m.21888,grey,0.710199427,0.08358169,0.159315054
lcl|c237405_g1_i2|m.23236,grey,0.273483255,0.363628233,0.977889701
lcl|c211914_g5_i4|m.2567,grey,0.687612369,0.306013825,0.792369868
lcl|c221753_g3_i7|m.7844,grey,0.09306004,0.585502827,0.165205732
lcl|c229021_g1_i1|m.13887,grey,0.541311541,0.321705517,0.660464184
lcl|c230953_g1_i2|m.15824,grey,0.633957799,0.518014129,0.381774451
lcl|c209570_g1_i3|m.2003,grey,0.386851084,0.843300104,0.453688862
lcl|c227571_g1_i1|m.12592,grey,0.274417326,0.32828322,0.132987939
lcl|c216308_g10_i1|m.4522,grey,0.5686268,0.64970656,0.233289623
lcl|c240930_g1_i2|m.27958,grey,0.282908977,0.62447351,0.005827079
lcl|c235820_g1_i1|m.21351,grey,0.958097361,0.668367363,0.985192192
tr|G9I8I0|G9I8I0_9DINO,grey,0.065590546,0.949163501,0.006629579
lcl|c234140_g5_i2|m.19531,grey,0.481815338,0.356063293,0.219343737
lcl|c244342_g1_i1|m.32068,grey,0.174174741,0.927493987,0.984667757
lcl|c214028_g2_i1|m.3329,grey,0.493247311,0.158080372,0.417249672
lcl|c228309_g1_i2|m.13219,grey,0.94251653,0.37094498,0.0086022
lcl|c217573_g1_i1|m.5252,grey,0.361259836,0.942100185,0.765494286
lcl|c210398_g1_i3|m.2174,grey,0.454003534,0.097266108,0.667918761
lcl|c239670_g2_i1|m.26141,grey,0.862849776,0.324371869,0.49444463
lcl|c233922_g1_i2|m.19174,grey,0.288936354,0.242441627,0.170427894
lcl|c243059_g4_i2|m.30566,grey,0.737004493,0.549086314,0.140070212
lcl|c237613_g1_i3|m.23496,grey,0.753010482,0.498512028,0.086604316
tr|A0A1Q9CVH2|A0A1Q9CVH2_SYMMI,grey,0.08337383,0.67768839,0.008178281
lcl|c209191_g2_i1|m.1916,grey,0.44246509,0.15455737,0.418051933
lcl|c228207_g1_i1|m.13128,grey,0.30453627,0.758323991,0.563062528
lcl|c232739_g3_i2|m.17726,grey,0.997679407,0.689594597,0.41603386
lcl|c225222_g1_i4|m.10453,grey,0.094876342,0.656376651,0.007945457
tr|A0A1Q9C7X7|A0A1Q9C7X7_SYMMI,grey,0.196075275,0.320900838,0.110802626
lcl|c218201_g1_i4|m.5622,grey,0.812002949,0.681740062,0.958763262
WP_066688199.1,grey,0.757004952,0.178167919,0.789332447
tr|A0A1Q9CVG7|A0A1Q9CVG7_SYMMI,grey,0.113228681,0.6049293,0.002214241
lcl|c169761_g1_i1|m.505,grey,0.718159199,0.719353061,0.008840717
lcl|c225136_g5_i9|m.10397,grey,0.488246705,0.486187124,0.5440331
lcl|c236542_g2_i1|m.22226,grey,0.379708751,0.652127562,0.046866073
tr|A0A1Q9C1P9|A0A1Q9C1P9_SYMMI,grey,0.993676922,0.784772885,0.068235039
lcl|c218968_g13_i2|m.6105,grey,0.605505857,0.417616145,0.423230021
lcl|c234643_g1_i12|m.20068,grey,0.066576145,0.963639721,0.011726799
lcl|c226715_g5_i2|m.11728,grey,0.234635906,0.521547856,0.102907562
lcl|c224457_g1_i1|m.9820,grey,0.402744042,0.411794134,0.450838975
lcl|c229781_g4_i1|m.14624,grey,0.219494674,0.502812927,0.00347396
lcl|c215676_g2_i1|m.4150,grey,0.409877434,0.93799157,0.648380115
lcl|c235690_g8_i1|m.21219,turquoise,0.00061176,0.009323515,0.717178612
lcl|c226009_g3_i5|m.11131,turquoise,0.017682477,0.249401391,0.098255388
lcl|c188047_g2_i2|m.760,turquoise,0.000336307,0.007600963,0.382345115
lcl|c234851_g1_i2|m.20336,turquoise,0.007505789,0.008941753,0.823852764
lcl|c232843_g1_i4|m.17830,turquoise,0.003915504,0.002791734,0.77637607
lcl|c215741_g2_i3|m.4173,turquoise,0.008491211,0.02410968,0.842311397
lcl|c226971_g4_i1|m.11975,turquoise,0.001597008,0.078564537,0.086899924
lcl|c222581_g2_i12|m.8452,turquoise,1.37E-06,0.084738352,0.782551936
lcl|c241874_g1_i1|m.29042,turquoise,0.001964459,0.007499607,0.645090035
lcl|c217525_g1_i1|m.5229,turquoise,0.000549762,0.005484071,0.334460868
lcl|c240158_g2_i1|m.26858,turquoise,4.08E-05,0.020275894,0.544840236
lcl|c218119_g1_i3|m.5570,turquoise,9.02E-05,0.027450113,0.443832224
lcl|c229374_g5_i1|m.14220,turquoise,0.03372027,0.014871387,0.542869719
lcl|c210994_g1_i1|m.2320,turquoise,0.000882354,0.001481883,0.559151807
lcl|c212237_g2_i1|m.2659,turquoise,0.006428136,0.004764526,0.258004563
lcl|c212839_g1_i3|m.2877,turquoise,0.000174744,0.013959578,0.562540064
lcl|c239240_g3_i4|m.25490,turquoise,3.46E-05,0.02158813,0.800458315
lcl|c222451_g1_i1|m.8369,turquoise,3.96E-07,0.100744558,0.934608597
lcl|c229132_g1_i2|m.13984,turquoise,0.020977889,0.027138513,0.518569803
lcl|c226593_g2_i1|m.11607,turquoise,6.90E-05,0.14801221,0.21571189
lcl|c222682_g3_i7|m.8525,turquoise,0.00054617,0.015399575,0.386722786
lcl|c236234_g4_i10|m.21877,turquoise,0.001265631,0.012364128,0.841318971
lcl|c233001_g2_i4|m.18006,turquoise,0.000249817,0.013734339,0.804877864
lcl|c212813_g1_i1|m.2853,turquoise,0.000722229,0.262878231,0.995706844
lcl|c214925_g1_i1|m.3737,turquoise,0.000106165,0.023602614,0.792124272
lcl|c237612_g2_i11|m.23489,turquoise,0.000191334,0.015193397,0.914047476
lcl|c222548_g1_i3|m.8426,turquoise,0.004294667,0.001075786,0.40815596
lcl|c235389_g5_i2|m.20890,turquoise,0.001796994,0.042657205,0.916770989
lcl|c227969_g2_i1|m.12933,turquoise,0.000251082,0.274626971,0.904141863
lcl|c240846_g1_i2|m.27805,turquoise,0.000208304,0.237568715,0.585906014
lcl|c241754_g2_i1|m.28913,turquoise,0.003328931,0.154997931,0.943256497
lcl|c228728_g1_i3|m.13596,turquoise,0.003444618,0.22815819,0.318085199
lcl|c214032_g1_i4|m.3331,turquoise,1.48E-06,0.068694208,0.695358662
lcl|c224624_g2_i1|m.10023,turquoise,1.72E-06,0.191863146,0.634780467
lcl|c203193_g1_i1|m.1308,turquoise,0.001879563,0.001712791,0.95887642
lcl|c242868_g4_i4|m.30303,turquoise,0.002746269,0.016493139,0.120551769
lcl|c244259_g1_i1|m.31949,turquoise,0.011048894,0.204163016,0.893815702
lcl|c240251_g4_i1|m.26961,turquoise,3.69E-05,0.056680914,0.839557038
lcl|c220008_g2_i5|m.6705,turquoise,0.001257675,0.026538046,0.72318832
lcl|c216201_g2_i1|m.4428,turquoise,0.0032079,0.016866559,0.774949427
lcl|c231043_g3_i4|m.15925,turquoise,8.55E-05,0.033867293,0.258889692
lcl|c235184_g7_i1|m.20675,turquoise,5.87E-05,0.075332416,0.981961616
lcl|c229538_g7_i4|m.14373,turquoise,3.46E-05,0.230402519,0.961598266
lcl|c230054_g1_i7|m.14897,turquoise,0.000642886,0.023413966,0.569911053
lcl|c231068_g6_i2|m.15939,turquoise,0.001458153,0.000998421,0.565342169
lcl|c213278_g3_i2|m.3010,turquoise,8.65E-05,0.229795249,0.680257847
lcl|c229936_g2_i1|m.14790,turquoise,5.36E-06,0.263923887,0.926707046
lcl|c227794_g1_i1|m.12770,turquoise,0.000606508,0.02742887,0.571930686
lcl|c219636_g2_i1|m.6494,turquoise,0.001512956,0.004607493,0.241249697
lcl|c232597_g5_i12|m.17580,turquoise,0.015535439,0.012411597,0.745840565
lcl|c220977_g2_i3|m.7288,turquoise,0.001043174,0.051252177,0.417312946
lcl|c227562_g6_i1|m.12582,turquoise,1.27E-05,0.063480669,0.3100938
lcl|c233948_g1_i2|m.19238,turquoise,0.001504019,0.07221823,0.305618425
lcl|c225156_g8_i2|m.10407,turquoise,0.017404517,0.00106946,0.975807707
lcl|c240077_g1_i1|m.26736,turquoise,0.000660347,0.39677362,0.975412225
lcl|c221225_g1_i1|m.7492,turquoise,1.03E-06,0.104114477,0.800835394
tr|Q8GTH9|Q8GTH9_9DINO,turquoise,0.004515454,0.136832118,0.454848952
lcl|c218881_g3_i2|m.6022,turquoise,0.003901575,0.015692532,0.514056293
lcl|c219601_g1_i1|m.6471,turquoise,0.000374803,0.360560904,0.297428285
lcl|c204019_g1_i1|m.1366,turquoise,0.005936069,0.050176543,0.343992677
lcl|c210423_g1_i5|m.2178,turquoise,0.000227737,0.094705516,0.833133319
lcl|c242461_g1_i4|m.29816,turquoise,5.00E-05,0.317828437,0.421018869
lcl|c215093_g1_i2|m.3818,turquoise,0.007518186,0.172555899,0.123497834
lcl|c219662_g1_i2|m.6507,turquoise,0.002239184,0.001183515,0.900729622
lcl|c238393_g3_i1|m.24472,turquoise,0.000284442,0.048675585,0.667125737
lcl|c219710_g2_i1|m.6538,turquoise,7.08E-05,0.01876793,0.408155584
lcl|c219828_g4_i5|m.6597,turquoise,1.66E-05,0.416112709,0.79737767
lcl|c223454_g1_i3|m.9139,turquoise,8.58E-07,0.094271054,0.880594001
lcl|c226084_g3_i2|m.11194,turquoise,0.002814861,0.010685619,0.850716002
lcl|c239962_g2_i3|m.26573,turquoise,0.001005956,0.382560678,0.894224959
lcl|c213311_g2_i1|m.3017,turquoise,1.15E-05,0.135720047,0.903022362
lcl|c230771_g2_i1|m.15607,turquoise,0.000838835,0.002928484,0.617818765
lcl|c220945_g4_i2|m.7256,turquoise,6.06E-05,0.057538548,0.82882306
lcl|c224263_g3_i1|m.9688,turquoise,0.001763749,0.14373039,0.262991846
lcl|c222957_g1_i2|m.8747,turquoise,1.68E-05,0.178786806,0.649867699
lcl|c219662_g1_i1|m.6506,turquoise,0.001009745,0.005541825,0.860330713
lcl|c226607_g5_i2|m.11621,turquoise,0.000108993,0.021422379,0.928020352
lcl|c224781_g7_i2|m.10124,turquoise,0.002627827,0.097211425,0.54689283
tr|A0A1Q9E704|A0A1Q9E704_SYMMI,turquoise,0.002299536,0.106422723,0.540459198
lcl|c217008_g4_i3|m.4896,turquoise,9.47E-05,0.15910056,0.687111716
lcl|c227069_g2_i1|m.12100,turquoise,7.01E-05,0.048943225,0.473258105
lcl|c239652_g2_i1|m.26096,turquoise,0.008621026,0.070150314,0.602045197
lcl|c226216_g1_i2|m.11298,turquoise,8.61E-06,0.286045728,0.753284857
lcl|c222960_g2_i1|m.8750,turquoise,2.58E-07,0.19235011,0.827289016
lcl|c232249_g2_i1|m.17180,turquoise,3.07E-06,0.080590963,0.515621946
lcl|c231698_g2_i1|m.16532,turquoise,3.54E-05,0.084895114,0.239833819
lcl|c242527_g2_i1|m.29909,turquoise,1.09E-05,0.267558587,0.358985953
lcl|c213117_g1_i3|m.2966,turquoise,0.000256139,0.029947686,0.718552111
lcl|c233212_g2_i5|m.18273,turquoise,0.000138018,0.497934688,0.45756985
lcl|c218647_g3_i1|m.5884,turquoise,5.25E-05,0.216365309,0.964900034
lcl|c214228_g4_i6|m.3409,turquoise,6.70E-06,0.300556782,0.869524326
lcl|c234914_g2_i2|m.20413,turquoise,0.00128874,0.014792756,0.358579516
lcl|c243393_g3_i1|m.30930,turquoise,8.67E-07,0.265395226,0.936171961
lcl|c226450_g3_i4|m.11486,turquoise,1.10E-06,0.124534144,0.680440299
lcl|c223677_g1_i1|m.9303,turquoise,1.83E-06,0.438320302,0.647953294
lcl|c240274_g5_i1|m.26994,turquoise,0.000149537,0.406208354,0.316367211
tr|A9YYK3|A9YYK3_ACRMI,turquoise,0.000579356,0.295969863,0.345130729
lcl|c220142_g1_i3|m.6768,turquoise,0.046763647,0.997939092,0.388128184
lcl|c210749_g1_i1|m.2273,turquoise,0.000190521,0.037922498,0.522587499
lcl|c226971_g4_i9|m.11985,turquoise,0.00046365,0.461683422,0.578666866
lcl|c240699_g3_i1|m.27614,turquoise,0.003813413,0.192436338,0.300471355
lcl|c218375_g1_i1|m.5756,turquoise,2.86E-05,0.381741229,0.776389991
lcl|c238903_g3_i2|m.25053,turquoise,3.21E-07,0.402344209,0.943775307
lcl|c232931_g1_i10|m.17922,turquoise,0.001409632,0.188378836,0.18006554
lcl|c210444_g2_i1|m.2183,turquoise,3.39E-05,0.348923452,0.514831749
lcl|c227297_g1_i3|m.12321,turquoise,0.018301927,0.046875819,0.571766236
lcl|c222682_g3_i1|m.8524,turquoise,2.33E-06,0.066832864,0.932498259
lcl|c241916_g1_i1|m.29146,turquoise,1.43E-05,0.06349488,0.952491722
lcl|c241874_g1_i11|m.29053,turquoise,0.000584981,0.162000122,0.952779153
lcl|c229025_g3_i1|m.13888,turquoise,4.70E-07,0.200752691,0.882921904
lcl|c244474_g3_i1|m.32253,turquoise,0.000325169,0.513082689,0.459053044
lcl|c224130_g1_i5|m.9625,turquoise,0.000390538,0.046689898,0.580932076
lcl|c220106_g1_i3|m.6753,turquoise,0.001561146,0.002069541,0.613873358
lcl|c230124_g3_i6|m.14973,turquoise,6.60E-08,0.15201133,0.624451861
lcl|c234108_g1_i2|m.19454,turquoise,0.002303284,0.218577826,0.23164338
lcl|c218123_g3_i2|m.5572,turquoise,0.091050297,0.465307808,0.269710346
lcl|c227993_g1_i6|m.12952,turquoise,0.000660217,0.386549392,0.888022382
lcl|c224672_g1_i1|m.10055,turquoise,4.36E-06,0.25020121,0.73857545
lcl|c218722_g1_i2|m.5914,turquoise,0.001274292,0.019941863,0.122059944
lcl|c243893_g1_i1|m.31474,turquoise,3.03E-07,0.180004267,0.716452389
lcl|c237969_g1_i5|m.23942,turquoise,0.004834955,0.193925119,0.289785677
lcl|c224880_g4_i1|m.10208,turquoise,0.026641035,0.185011447,0.412466406
lcl|c226009_g3_i3|m.11129,turquoise,0.003820926,0.2298747,0.157731283
lcl|c219184_g1_i2|m.6256,turquoise,0.006297935,0.761247621,0.334966754
lcl|c210031_g1_i1|m.2099,turquoise,1.49E-05,0.385580032,0.803529343
lcl|c238173_g3_i3|m.24203,turquoise,7.36E-07,0.484115068,0.987718028
lcl|c210031_g1_i2|m.2100,turquoise,1.38E-06,0.171631692,0.963816044
lcl|c234626_g4_i3|m.20042,turquoise,6.13E-08,0.115473067,0.942527824
tr|A0A1Q9F1D7|A0A1Q9F1D7_SYMMI,turquoise,0.001109972,0.72588869,0.602266705
lcl|c201155_g1_i1|m.1182,turquoise,3.33E-06,0.092661365,0.541295335
lcl|c219583_g2_i1|m.6468,turquoise,0.001784549,0.014229037,0.221078447
lcl|c231142_g1_i2|m.15992,turquoise,0.002305435,0.129439483,0.109394126
lcl|c225236_g1_i1|m.10458,turquoise,2.09E-05,0.40025739,0.992317212
lcl|c216289_g7_i1|m.4487,turquoise,4.32E-06,0.29210727,0.98723745
lcl|c227467_g2_i2|m.12463,turquoise,9.62E-06,0.273065903,0.613251515
lcl|c222929_g2_i3|m.8717,turquoise,1.35E-05,0.047239077,0.957376195
lcl|c230011_g2_i5|m.14861,turquoise,1.72E-05,0.314476955,0.748544775
lcl|c237211_g6_i4|m.23025,turquoise,0.021178433,0.237339416,0.352548834
lcl|c240852_g1_i3|m.27810,turquoise,1.26E-06,0.469745786,0.92215766
lcl|c227928_g1_i1|m.12895,turquoise,6.73E-05,0.048264223,0.727611082
lcl|c216306_g1_i1|m.4516,turquoise,0.006357024,0.30587763,0.343766613
lcl|c235239_g6_i4|m.20736,turquoise,3.69E-05,0.0249119,0.634830141
lcl|c229751_g1_i1|m.14591,turquoise,0.00264041,0.564939226,0.223955918
lcl|c217447_g9_i5|m.5205,turquoise,5.03E-08,0.256686652,0.904972743
lcl|c212784_g2_i1|m.2837,turquoise,3.76E-05,0.351039289,0.870077051
lcl|c222419_g1_i2|m.8314,turquoise,6.89E-06,0.08823573,0.689804746
lcl|c223870_g1_i6|m.9447,turquoise,5.12E-05,0.518608603,0.469275273
lcl|c238581_g1_i1|m.24692,turquoise,0.005929704,0.031111743,0.35636167
lcl|c270076_g1_i1|m.32416,turquoise,1.40E-05,0.218067282,0.314362524
lcl|c232401_g7_i2|m.17338,turquoise,4.53E-05,0.289472017,0.404311664
lcl|c206427_g2_i1|m.1540,turquoise,2.99E-07,0.216336336,0.736857906
lcl|c233033_g3_i4|m.18064,turquoise,0.002849449,0.666436097,0.751515813
lcl|c224672_g2_i1|m.10058,turquoise,7.77E-06,0.102563665,0.635446177
lcl|c235513_g2_i1|m.20994,turquoise,0.001347727,0.032471281,0.958229339
lcl|c216377_g1_i3|m.4559,turquoise,0.021558457,0.004419915,0.590990713
lcl|c238429_g5_i1|m.24515,turquoise,5.90E-06,0.175214218,0.57816844
lcl|c227713_g1_i1|m.12700,turquoise,3.54E-07,0.309362291,0.567971923
lcl|c233948_g1_i1|m.19236,turquoise,0.001787516,0.415072349,0.258492956
lcl|c224597_g3_i1|m.10003,turquoise,3.81E-06,0.360134437,0.920067943
lcl|c230270_g1_i2|m.15107,turquoise,0.00035,0.077863566,0.727096757
lcl|c232854_g3_i11|m.17840,turquoise,7.92E-05,0.275704833,0.189592503
tr|Q8H1I6|Q8H1I6_SYMKA,turquoise,0.019747961,0.461941061,0.713634728
lcl|c224263_g3_i3|m.9691,turquoise,5.65E-05,0.671658815,0.808963244
lcl|c242089_g1_i1|m.29373,turquoise,7.08E-05,0.12289181,0.732019862
lcl|c230034_g1_i1|m.14877,turquoise,0.000850198,0.016520567,0.752844856
lcl|c234421_g4_i11|m.19820,turquoise,0.004079059,0.140772485,0.258001278
lcl|c229342_g3_i1|m.14175,turquoise,0.004311887,0.028266988,0.970146393
lcl|c231043_g3_i3|m.15924,turquoise,0.001002003,0.085237159,0.247774038
lcl|c244235_g1_i2|m.31919,turquoise,1.30E-06,0.417132559,0.924740706
lcl|c224698_g7_i11|m.10070,turquoise,0.038106643,0.36763544,0.139103839
lcl|c231083_g2_i1|m.15952,turquoise,0.011223491,0.172938299,0.569666361
lcl|c220409_g3_i3|m.6926,turquoise,1.05E-06,0.262714825,0.960254993
lcl|c236793_g3_i9|m.22532,turquoise,0.000485298,0.032301788,0.947415837
lcl|c237969_g1_i2|m.23941,turquoise,0.051095335,0.633657165,0.798874654
lcl|c214228_g4_i5|m.3407,turquoise,0.000306609,0.060102308,0.872311681
lcl|c222526_g1_i2|m.8408,turquoise,5.31E-05,0.035432592,0.911176807
lcl|c230011_g2_i4|m.14860,turquoise,2.68E-05,0.170884258,0.359976294
lcl|c218298_g7_i1|m.5703,turquoise,0.049910028,0.116479911,0.178491434
lcl|c236256_g2_i1|m.21902,turquoise,0.001734979,0.105395592,0.489194213
tr|A0A1Q9CXB4|A0A1Q9CXB4_SYMMI,turquoise,0.002409917,0.323960237,0.210735794
lcl|c241650_g2_i1|m.28824,turquoise,2.48E-06,0.405593964,0.828422202
WP_013065971.1,turquoise,1.64E-06,0.527499292,0.997528643
lcl|c233767_g1_i3|m.18989,turquoise,0.000905641,0.183459554,0.248910812
lcl|c240877_g2_i2|m.27858,turquoise,9.41E-05,0.184113708,0.999249605
lcl|c219636_g2_i3|m.6495,turquoise,0.016122834,0.017326303,0.1286401
lcl|c243954_g3_i1|m.31569,turquoise,1.54E-07,0.207925323,0.816310486
lcl|c241252_g2_i5|m.28366,turquoise,0.061170243,0.127316918,0.741982153
lcl|c222971_g1_i1|m.8762,turquoise,0.005775308,0.019082739,0.987553154
lcl|c238381_g2_i1|m.24446,turquoise,0.012374974,0.038500797,0.866436567
lcl|c229881_g6_i6|m.14719,turquoise,0.006208998,0.291493879,0.517747363
lcl|c231559_g1_i5|m.16408,turquoise,9.66E-05,0.213800549,0.501252993
lcl|c215763_g2_i2|m.4182,turquoise,2.61E-05,0.369301968,0.757954621
lcl|c225236_g1_i1|m.10459,turquoise,6.43E-06,0.548743838,0.606921605
lcl|c240370_g1_i1|m.27121,turquoise,0.00142038,0.023679279,0.263756122
lcl|c228583_g6_i1|m.13441,turquoise,9.04E-06,0.317035781,0.619751976
lcl|c229550_g1_i3|m.14392,turquoise,1.45E-06,0.475347101,0.969151827
lcl|c234054_g3_i2|m.19385,turquoise,1.81E-07,0.166974659,0.899831687
lcl|c225423_g3_i2|m.10600,turquoise,6.27E-07,0.305665827,0.841320028
lcl|c230073_g1_i10|m.14919,turquoise,0.004137526,0.005751335,0.981438752
lcl|c238676_g4_i3|m.24804,turquoise,4.80E-05,0.357235981,0.782210282
lcl|c237191_g2_i5|m.23010,turquoise,7.11E-05,0.385636297,0.685664825
tr|A0A1Q9C858|A0A1Q9C858_SYMMI,turquoise,3.55E-06,0.341053155,0.574588399
lcl|c216942_g4_i3|m.4860,turquoise,0.08352253,0.079349097,0.851475907
lcl|c221114_g2_i1|m.7405,turquoise,2.42E-07,0.286376293,0.982064104
lcl|c216650_g2_i1|m.4697,turquoise,5.08E-05,0.122120823,0.336652363
lcl|c232541_g3_i1|m.17498,turquoise,0.00012686,0.275876043,0.799362237
lcl|c223355_g1_i3|m.9051,turquoise,5.84E-07,0.26320176,0.959118186
lcl|c230960_g1_i5|m.15839,turquoise,0.003892892,0.343193153,0.487208588
lcl|c227730_g3_i11|m.12709,turquoise,0.035188954,0.624353106,0.375724724
lcl|c216498_g3_i3|m.4612,turquoise,0.0001725,0.107666592,0.797072195
lcl|c221039_g1_i2|m.7339,turquoise,0.000924268,0.044041146,0.97237127
lcl|c220475_g1_i1|m.6962,turquoise,1.04E-05,0.180208512,0.678319719
lcl|c243554_g1_i5|m.31071,turquoise,4.99E-06,0.177134714,0.831785203
lcl|c237732_g2_i12|m.23671,turquoise,5.04E-05,0.432332654,0.986615112
lcl|c228056_g1_i4|m.13006,turquoise,2.40E-05,0.172756585,0.54785394
lcl|c219556_g4_i1|m.6446,turquoise,0.007548609,0.000821413,0.797956931
lcl|c237535_g3_i3|m.23359,turquoise,0.002290862,0.498149152,0.746527457
lcl|c236892_g3_i5|m.22669,turquoise,0.041426259,0.079535351,0.487177778
lcl|c239722_g4_i2|m.26252,turquoise,3.19E-05,0.240886873,0.778276228
lcl|c221840_g3_i2|m.7908,turquoise,7.11E-05,0.057828285,0.382917732
lcl|c240699_g3_i15|m.27615,turquoise,0.000367126,0.99486238,0.950728404
lcl|c214559_g9_i1|m.3528,turquoise,3.65E-08,0.351064045,0.915816333
lcl|c229348_g3_i2|m.14185,turquoise,2.08E-06,0.154784959,0.554923032
lcl|c223616_g1_i1|m.9252,turquoise,0.001498639,0.044530727,0.440555039
lcl|c228583_g3_i2|m.13440,turquoise,6.66E-07,0.108969597,0.984350451
lcl|c240720_g1_i3|m.27662,turquoise,1.25E-07,0.25624711,0.998313975
lcl|c242373_g3_i2|m.29725,turquoise,3.61E-06,0.101287362,0.884399259
lcl|c230413_g1_i5|m.15274,turquoise,5.50E-07,0.320736944,0.738202855
lcl|c240720_g1_i1|m.27658,turquoise,3.22E-07,0.499301485,0.945436087
lcl|c237814_g2_i3|m.23786,turquoise,0.09783508,0.607034735,0.647638005
lcl|c215465_g1_i1|m.4044,turquoise,0.002157414,0.051025546,0.143780856
lcl|c241444_g1_i2|m.28576,turquoise,1.97E-05,0.395671112,0.68275653
lcl|c231052_g3_i3|m.15929,turquoise,7.66E-05,0.289677667,0.919802946
lcl|c238537_g2_i3|m.24626,turquoise,1.44E-05,0.58614057,0.772085844
lcl|c226613_g4_i1|m.11622,turquoise,0.001153531,0.019402844,0.19951001
lcl|c201413_g4_i1|m.1201,turquoise,3.77E-05,0.377163767,0.501303057
lcl|c229615_g3_i4|m.14451,turquoise,1.48E-06,0.320768716,0.61722438
lcl|c234082_g2_i6|m.19416,turquoise,0.005755691,0.001657819,0.973440605
lcl|c232109_g7_i6|m.17002,turquoise,2.89E-07,0.28556646,0.693367404
lcl|c222653_g7_i1|m.8496,turquoise,0.000269394,0.022228042,0.776832062
lcl|c220640_g5_i1|m.7064,turquoise,1.06E-05,0.741096117,0.823526101
lcl|c242066_g1_i1|m.29327,turquoise,1.65E-05,0.610645317,0.652858316
lcl|c232899_g1_i2|m.17887,turquoise,2.81E-06,0.382318143,0.731574106
lcl|c229298_g2_i1|m.14136,turquoise,4.94E-06,0.367484971,0.603322661
lcl|c235376_g2_i1|m.20864,turquoise,0.058986375,0.045360063,0.596725411
lcl|c227059_g2_i2|m.12096,turquoise,0.000154753,0.569924651,0.4940406
lcl|c240732_g2_i2|m.27675,turquoise,0.000119793,0.213902885,0.49065248
lcl|c234788_g2_i3|m.20258,turquoise,0.00031462,0.144176319,0.919314682
lcl|c240720_g1_i1|m.27657,turquoise,5.87E-07,0.359436839,0.895898101
lcl|c227847_g4_i2|m.12829,turquoise,0.001490613,0.131364506,0.838213665
lcl|c226454_g2_i18|m.11489,turquoise,0.000620025,0.33896077,0.281351818
lcl|c220806_g2_i3|m.7164,turquoise,0.000236121,0.413576264,0.322605221
lcl|c240128_g3_i1|m.26827,turquoise,0.002740761,0.262092385,0.345526874
lcl|c216848_g3_i4|m.4809,turquoise,3.33E-06,0.413185933,0.871949926
tr|A0A1Q9DLF7|A0A1Q9DLF7_SYMMI,turquoise,0.013134666,0.060857184,0.0957774
lcl|c236239_g1_i2|m.21882,turquoise,4.70E-05,0.43086758,0.521445781
lcl|c229913_g3_i1|m.14763,turquoise,0.000274735,0.204471395,0.59572032
lcl|c218175_g5_i2|m.5596,turquoise,0.010490926,0.759596583,0.278642805
lcl|c238537_g2_i6|m.24628,turquoise,5.64E-06,0.234642095,0.934857456
lcl|c229550_g1_i3|m.14393,turquoise,2.86E-06,0.581509219,0.953541621
lcl|c214832_g3_i2|m.3697,turquoise,3.99E-05,0.255951027,0.900569438
lcl|c318732_g1_i1|m.32501,turquoise,4.57E-06,0.475766445,0.92081852
lcl|c233235_g3_i2|m.18302,turquoise,0.065631161,0.739907197,0.037842039
lcl|c236356_g1_i1|m.22029,turquoise,2.42E-06,0.303608158,0.512607139
lcl|c244396_g1_i1|m.32137,turquoise,9.56E-05,0.535329439,0.455386401
lcl|c224713_g2_i1|m.10075,turquoise,0.001474125,0.146871939,0.181387189
lcl|c220682_g4_i2|m.7085,turquoise,0.000125894,0.515852033,0.767920896
lcl|c223205_g4_i1|m.8934,turquoise,0.000219835,0.663465968,0.573338262
lcl|c240720_g1_i1|m.27659,turquoise,7.51E-06,0.365651423,0.90866026
lcl|c216705_g1_i4|m.4732,turquoise,6.33E-07,0.556728948,0.8737776
lcl|c241017_g3_i4|m.28068,turquoise,6.82E-05,0.138008031,0.237649727
lcl|c223247_g3_i6|m.8971,turquoise,1.62E-06,0.210097795,0.942445205
lcl|c222946_g2_i1|m.8727,turquoise,9.68E-05,0.366051245,0.456984796
lcl|c227543_g1_i1|m.12562,turquoise,5.26E-06,0.427999147,0.856879064
lcl|c239392_g1_i1|m.25726,turquoise,0.00139065,0.045991976,0.58483031
lcl|c221849_g1_i2|m.7917,turquoise,8.87E-05,0.644048414,0.766075235
lcl|c219842_g1_i1|m.6611,turquoise,0.003712478,0.769168198,0.466654023
lcl|c217013_g4_i3|m.4901,turquoise,1.76E-06,0.206613244,0.853886464
lcl|c227332_g2_i2|m.12341,turquoise,8.95E-05,0.997904212,0.885317025
lcl|c224260_g2_i2|m.9685,turquoise,9.31E-07,0.553222684,0.845953598
lcl|c239343_g4_i4|m.25612,turquoise,4.60E-06,0.196969091,0.756944881
lcl|c227414_g2_i1|m.12410,turquoise,8.78E-05,0.37210835,0.432390707
lcl|c233306_g1_i1|m.18389,turquoise,6.80E-06,0.089201338,0.566427742
lcl|c226414_g3_i1|m.11460,turquoise,4.53E-05,0.046592401,0.78692914
lcl|c219883_g1_i1|m.6623,turquoise,1.82E-05,0.596730609,0.789026046
lcl|c238111_g1_i1|m.24102,turquoise,0.005550135,0.205771352,0.979914768
lcl|c226774_g3_i2|m.11777,turquoise,2.25E-06,0.368808199,0.83537111
lcl|c236101_g5_i2|m.21702,turquoise,8.51E-05,0.634851745,0.334230829
lcl|c218580_g2_i1|m.5839,turquoise,0.000134818,0.124861777,0.347972981
lcl|c231981_g4_i6|m.16864,turquoise,0.000108744,0.037886977,0.967129402
lcl|c241466_g2_i10|m.28615,turquoise,0.004135669,0.742768017,0.88132529
lcl|c226990_g1_i2|m.12024,turquoise,3.69E-05,0.178298511,0.849845999
lcl|c242924_g1_i1|m.30399,turquoise,0.002428395,0.027099433,0.286854114
lcl|c221441_g1_i5|m.7633,turquoise,0.00038839,0.729483402,0.481458812
lcl|c231460_g1_i4|m.16283,turquoise,0.004564547,0.228617897,0.899352326
lcl|c239700_g3_i1|m.26205,turquoise,3.21E-06,0.232027598,0.691310444
lcl|c225471_g2_i2|m.10654,turquoise,2.70E-06,0.437332818,0.989819785
lcl|c241174_g2_i10|m.28286,turquoise,2.54E-05,0.114278648,0.986862159
lcl|c222186_g2_i2|m.8151,turquoise,3.49E-06,0.411603743,0.855859746
lcl|c220300_g3_i1|m.6859,turquoise,0.000264752,0.356710953,0.724243337
lcl|c220808_g2_i2|m.7167,turquoise,0.000960728,0.941996846,0.461213264
lcl|c233552_g1_i1|m.18704,turquoise,0.000438364,0.03725106,0.635173574
lcl|c221662_g2_i4|m.7775,turquoise,1.99E-05,0.688041249,0.862275887
lcl|c243899_g1_i1|m.31481,turquoise,0.001186702,0.747792585,0.582589149
lcl|c244145_g1_i1|m.31801,turquoise,6.41E-05,0.065282091,0.545341634
lcl|c233030_g2_i3|m.18059,turquoise,5.74E-05,0.600223366,0.596020665
lcl|c223277_g3_i4|m.8995,turquoise,0.000123536,0.386000318,0.82083896
lcl|c215551_g6_i1|m.4083,turquoise,6.75E-07,0.333747742,0.833449255
lcl|c233857_g2_i2|m.19091,turquoise,1.53E-05,0.753237802,0.757449656
lcl|c244126_g1_i2|m.31771,turquoise,7.77E-06,0.251496231,0.709014157
lcl|c240904_g2_i1|m.27923,turquoise,7.71E-05,0.572614681,0.773532004
lcl|c241148_g1_i6|m.28240,turquoise,0.027721832,0.446984933,0.631992815
lcl|c213311_g2_i3|m.3020,turquoise,0.000780999,0.013253248,0.591030305
lcl|c231821_g3_i1|m.16651,turquoise,0.012115158,0.261822027,0.402823424
lcl|c239125_g3_i2|m.25324,turquoise,0.00148473,0.461904916,0.797850092
lcl|c222155_g2_i1|m.8138,turquoise,0.062476295,0.876812086,0.965359871
lcl|c226211_g2_i1|m.11296,turquoise,0.001506655,0.102766571,0.666559948
lcl|c240440_g6_i6|m.27259,turquoise,5.06E-05,0.036418335,0.711446644
lcl|c218703_g1_i4|m.5907,turquoise,0.002841395,0.542335705,0.856342397
lcl|c213314_g8_i4|m.3021,turquoise,0.00018074,0.734643912,0.518499044
lcl|c241916_g1_i7|m.29148,turquoise,0.000172272,0.660283392,0.86328622
lcl|c218481_g4_i6|m.5811,turquoise,9.89E-05,0.242577734,0.702103571
lcl|c232105_g3_i1|m.16994,turquoise,4.44E-06,0.541059015,0.812325599
lcl|c232424_g1_i6|m.17358,turquoise,3.13E-05,0.547386175,0.726717662
lcl|c209565_g1_i2|m.2000,turquoise,1.70E-08,0.318171478,0.940912145
lcl|c225983_g2_i10|m.11114,turquoise,5.41E-05,0.272660158,0.96995863
lcl|c218374_g1_i1|m.5752,turquoise,0.010563143,0.760974145,0.630721961
lcl|c237587_g5_i1|m.23455,turquoise,1.09E-06,0.234044584,0.760585483
lcl|c232736_g7_i11|m.17724,turquoise,0.010336388,0.058399817,0.19966791
lcl|c228019_g7_i5|m.12973,turquoise,1.94E-05,0.088545908,0.742785688
lcl|c215059_g3_i1|m.3798,turquoise,4.03E-05,0.510887099,0.884939517
lcl|c227969_g5_i2|m.12934,turquoise,0.000316071,0.152562666,0.643572428
lcl|c231271_g2_i4|m.16089,turquoise,0.00023154,0.357722684,0.734845314
lcl|c239956_g2_i4|m.26561,turquoise,8.97E-06,0.140152293,0.983496067
lcl|c217834_g1_i3|m.5399,turquoise,0.009588448,0.050431374,0.930417677
lcl|c207967_g2_i1|m.1713,turquoise,0.001895625,0.033351607,0.530957636
lcl|c222306_g9_i1|m.8237,turquoise,5.42E-06,0.694645428,0.760948013
lcl|c228221_g2_i9|m.13137,turquoise,0.003096663,0.726280478,0.516172924
lcl|c233948_g1_i1|m.19235,turquoise,0.001370046,0.224166941,0.291172189
lcl|c229532_g3_i4|m.14360,turquoise,0.000942913,0.022649826,0.915611752
lcl|c218820_g4_i2|m.5974,turquoise,2.41E-07,0.319378072,0.833199063
lcl|c230360_g10_i5|m.15205,turquoise,1.39E-05,0.543257186,0.784471489
lcl|c227927_g4_i1|m.12894,turquoise,0.016033242,0.087543015,0.760207872
lcl|c215819_g3_i2|m.4218,turquoise,0.000312321,0.630787363,0.415614577
lcl|c232242_g3_i1|m.17174,turquoise,0.00041453,0.462289151,0.24143899
lcl|c229563_g2_i2|m.14411,turquoise,0.000550455,0.146147524,0.859431466
lcl|c238378_g1_i1|m.24441,turquoise,0.00010505,0.155486168,0.908407062
lcl|c229561_g1_i12|m.14408,turquoise,0.005889653,0.033478705,0.579873302
lcl|c238537_g2_i7|m.24631,turquoise,0.000556808,0.677638954,0.491895644
lcl|c239662_g2_i10|m.26113,turquoise,0.0206678,0.006534414,0.711814149
lcl|c227657_g3_i1|m.12650,turquoise,1.71E-05,0.081936964,0.918605434
lcl|c236134_g1_i2|m.21741,turquoise,0.001013517,0.009264672,0.840097652
lcl|c221077_g1_i1|m.7374,turquoise,0.00026817,0.919725491,0.956671053
lcl|c201441_g1_i1|m.1204,turquoise,0.001520889,0.324730368,0.942874665
lcl|c214356_g7_i5|m.3463,turquoise,0.00028593,0.22867238,0.919019789
lcl|c234733_g4_i1|m.20188,turquoise,9.28E-05,0.400885633,0.389296519
lcl|c227683_g10_i1|m.12674,turquoise,2.82E-06,0.200963147,0.597294926
lcl|c226756_g1_i2|m.11747,turquoise,7.83E-07,0.317910535,0.703431878
lcl|c229134_g1_i1|m.13988,turquoise,2.05E-06,0.458951805,0.841915071
lcl|c233068_g2_i3|m.18101,turquoise,8.97E-05,0.272768505,0.487339418
lcl|c229310_g3_i5|m.14143,turquoise,8.48E-05,0.198255695,0.845724838
lcl|c219163_g2_i3|m.6243,turquoise,0.000156333,0.421833396,0.334407019
lcl|c227290_g1_i5|m.12317,turquoise,3.35E-06,0.587332407,0.934534527
lcl|c220945_g4_i1|m.7255,turquoise,8.51E-05,0.19414519,0.945496835
lcl|c237851_g2_i1|m.23817,turquoise,0.040777783,0.699470434,0.129819443
lcl|c210253_g1_i2|m.2149,turquoise,3.36E-05,0.77064188,0.891205959
lcl|c215492_g2_i9|m.4058,turquoise,0.00024709,0.066876563,0.846020619
lcl|c226646_g2_i4|m.11674,turquoise,0.00361835,0.969522392,0.362426291
lcl|c209565_g1_i2|m.1999,turquoise,3.65E-06,0.534047929,0.893401004
lcl|c163027_g1_i3|m.422,turquoise,6.38E-06,0.722999607,0.874482506
lcl|c225867_g3_i1|m.11000,turquoise,0.002815358,0.762889137,0.722698222
lcl|c233024_g1_i6|m.18051,turquoise,0.003227279,0.055358714,0.189945977
lcl|c233093_g1_i2|m.18137,turquoise,0.008588937,0.016699134,0.952055121
lcl|c220236_g4_i1|m.6833,turquoise,0.011110322,0.276456377,0.940237663
lcl|c216194_g2_i1|m.4425,turquoise,0.018219514,0.930625479,0.530508286
lcl|c243935_g1_i3|m.31546,turquoise,0.000775521,0.043346048,0.501102404
lcl|c205697_g1_i1|m.1481,turquoise,4.59E-05,0.116055755,0.969861832
lcl|c238912_g1_i10|m.25059,turquoise,0.092312793,0.233496749,0.527815034
lcl|c238296_g3_i2|m.24349,turquoise,0.000127942,0.639966238,0.541540217
lcl|c225015_g2_i1|m.10306,turquoise,0.00250938,0.020451894,0.741314148
lcl|c232983_g2_i2|m.17991,turquoise,0.001670079,0.185913558,0.68062713
lcl|c232676_g1_i2|m.17666,turquoise,0.003325164,0.63567852,0.42252519
lcl|c238037_g4_i6|m.24021,turquoise,0.001810573,0.083184831,0.349561734
lcl|c243493_g3_i2|m.31028,turquoise,0.002787117,0.070207234,0.397886317
lcl|c241349_g1_i1|m.28471,turquoise,0.000147424,0.863628715,0.473486525
lcl|c212026_g3_i1|m.2608,turquoise,7.88E-05,0.594489107,0.851989753
lcl|c230486_g3_i2|m.15359,turquoise,0.012191726,0.161424299,0.10946211
lcl|c215492_g2_i7|m.4056,turquoise,0.000265925,0.05358775,0.710707088
lcl|c221855_g2_i3|m.7925,turquoise,0.000571031,0.255034027,0.196794695
lcl|c233857_g2_i7|m.19100,turquoise,9.47E-06,0.502328471,0.909626883
lcl|c232587_g1_i15|m.17560,turquoise,0.000382995,0.169797144,0.414956158
lcl|c224772_g1_i1|m.10116,turquoise,0.041741237,0.928862716,0.030949097
lcl|c217427_g4_i1|m.5185,turquoise,0.004657672,0.499577484,0.455557485
lcl|c234041_g5_i1|m.19364,turquoise,0.003854876,0.15435321,0.831161466
lcl|c229412_g3_i1|m.14240,turquoise,0.01069616,0.31770184,0.818779177
lcl|c227721_g2_i2|m.12707,turquoise,0.000170765,0.496158084,0.654874504
lcl|c201696_g3_i1|m.1219,turquoise,2.04E-05,0.581102002,0.660610774
lcl|c232653_g3_i1|m.17643,turquoise,0.007434128,0.496697035,0.264774863
lcl|c232115_g3_i10|m.17010,turquoise,0.027703244,0.963728374,0.500607103
lcl|c243899_g1_i1|m.31483,turquoise,0.021508674,0.747404974,0.40637581
lcl|c222730_g7_i1|m.8585,turquoise,0.005737417,0.950622346,0.703810206
lcl|c227293_g2_i4|m.12320,turquoise,0.000359614,0.209336646,0.994707461
lcl|c242633_g1_i1|m.30058,turquoise,7.70E-06,0.317317345,0.828920092
lcl|c216308_g5_i4|m.4526,turquoise,0.072771802,0.749787658,0.046828165
lcl|c228848_g6_i3|m.13716,turquoise,2.50E-05,0.282060478,0.693091827
lcl|c244441_g1_i1|m.32200,turquoise,0.004993265,0.506586517,0.55831759
lcl|c223448_g1_i3|m.9130,turquoise,0.00990404,0.323052076,0.992656605
lcl|c230355_g4_i3|m.15198,turquoise,0.002808054,0.948968518,0.977299169
lcl|c230150_g4_i2|m.14989,turquoise,2.66E-05,0.654848085,0.949216151
lcl|c233306_g1_i2|m.18390,turquoise,3.86E-06,0.256839977,0.663615611
lcl|c241500_g1_i1|m.28664,turquoise,0.00031403,0.460705573,0.262921906
lcl|c218748_g1_i1|m.5931,turquoise,4.61E-05,0.075632501,0.594805948
lcl|c230065_g1_i2|m.14908,turquoise,0.00010727,0.311771767,0.728861528
lcl|c236660_g2_i1|m.22378,turquoise,7.92E-05,0.10835929,0.948060408
lcl|c238826_g2_i1|m.24957,turquoise,0.005334618,0.011684568,0.515258929
lcl|c225471_g2_i1|m.10652,turquoise,0.000234844,0.92787274,0.46975313
lcl|c229515_g4_i2|m.14353,turquoise,0.000802579,0.644889686,0.317838473
lcl|c234533_g4_i2|m.19946,turquoise,1.41E-05,0.619073062,0.698891079
lcl|c217466_g1_i2|m.5214,turquoise,1.08E-05,0.527135588,0.420984834
lcl|c221608_g1_i1|m.7755,turquoise,0.00019246,0.784970592,0.805072567
lcl|c233481_g5_i1|m.18601,turquoise,0.005099289,0.093398203,0.551965755
lcl|c218374_g4_i1|m.5754,turquoise,0.004179831,0.21325633,0.713246198
lcl|c243086_g4_i2|m.30593,turquoise,0.00089552,0.711396961,0.90282413
lcl|c228665_g3_i2|m.13504,turquoise,0.001439982,0.326343476,0.548166618
lcl|c213534_g3_i4|m.3118,turquoise,2.82E-06,0.345355773,0.952335516
lcl|c225972_g1_i1|m.11091,turquoise,0.000792934,0.755360036,0.316299523
lcl|c229041_g1_i1|m.13901,turquoise,0.021270841,0.000766268,0.733759548
lcl|c237325_g2_i1|m.23163,turquoise,0.047296785,0.008683663,0.486081592
lcl|c218842_g3_i2|m.5987,turquoise,5.78E-06,0.386570082,0.702412553
lcl|c222937_g2_i3|m.8724,turquoise,0.002524266,0.746844915,0.624943181
lcl|c242743_g1_i1|m.30188,turquoise,2.68E-06,0.338555905,0.942254808
lcl|c228309_g1_i2|m.13220,turquoise,0.004817002,0.034725202,0.263653725
lcl|c225478_g2_i2|m.10668,turquoise,0.000444579,0.070958985,0.808623323
lcl|c234177_g2_i1|m.19581,turquoise,0.002025132,0.692319856,0.71475696
lcl|c217466_g1_i3|m.5215,turquoise,1.62E-05,0.312141353,0.602051333
lcl|c240640_g2_i1|m.27531,turquoise,0.000132609,0.224899166,0.860310581
lcl|c234511_g2_i1|m.19914,turquoise,2.32E-05,0.372347717,0.337136026
lcl|c243813_g3_i1|m.31354,turquoise,0.010071239,0.066542071,0.037713378
lcl|c241299_g1_i6|m.28386,turquoise,0.000435404,0.416274001,0.503842338
lcl|c232338_g2_i2|m.17255,turquoise,0.008069613,0.049624242,0.71136297
lcl|c243899_g1_i1|m.31482,turquoise,0.001820965,0.834818625,0.766986819
lcl|c236511_g2_i2|m.22191,turquoise,0.031732749,0.919788859,0.207907962
lcl|c241649_g4_i1|m.28823,turquoise,0.043073578,0.753287909,0.968912147
lcl|c234898_g1_i3|m.20394,turquoise,0.001122315,0.873998565,0.46541777
lcl|c240761_g2_i10|m.27710,turquoise,0.050643318,0.095249645,0.569080578
lcl|c238054_g2_i1|m.24052,turquoise,2.20E-05,0.269163523,0.931844332
lcl|c225761_g6_i1|m.10925,turquoise,4.08E-05,0.666363833,0.969221901
lcl|c242894_g3_i1|m.30343,turquoise,0.099072407,0.471295023,0.109941616
lcl|c235712_g3_i3|m.21245,turquoise,0.00739913,0.003355972,0.738431858
lcl|c226723_g5_i2|m.11731,turquoise,0.001040521,0.186072698,0.708437175
lcl|c244255_g3_i1|m.31943,turquoise,1.94E-06,0.40642171,0.551948557
lcl|c233811_g4_i2|m.19026,turquoise,0.000524378,0.897857434,0.885845258
lcl|c235399_g7_i4|m.20891,turquoise,0.000238148,0.89415262,0.820377116
lcl|c240688_g3_i1|m.27609,turquoise,0.000162421,0.184448514,0.417269154
lcl|c224332_g10_i1|m.9746,turquoise,0.017191779,0.784226108,0.285031024
lcl|c231929_g5_i1|m.16788,turquoise,0.000907951,0.905221397,0.387846701
lcl|c205554_g2_i2|m.1468,turquoise,0.00048431,0.942040606,0.993528093
lcl|c223139_g3_i2|m.8898,turquoise,0.001499078,0.948710388,0.765994905
lcl|c236562_g3_i1|m.22244,turquoise,0.005988894,0.215585647,0.380074338
lcl|c219602_g1_i1|m.6473,turquoise,0.000243401,0.505126509,0.242839512
lcl|c217499_g2_i1|m.5223,turquoise,4.20E-05,0.636541599,0.804541717
lcl|c230481_g5_i1|m.15356,turquoise,8.98E-05,0.845848921,0.752762015
lcl|c237244_g3_i1|m.23065,turquoise,0.000255,0.616547804,0.528016135
lcl|c221440_g2_i2|m.7631,turquoise,0.0117922,0.684250357,0.21051021
lcl|c240621_g3_i2|m.27488,turquoise,2.62E-05,0.201562136,0.971073547
lcl|c219883_g1_i2|m.6624,turquoise,4.39E-05,0.583727068,0.829441589
lcl|c238681_g1_i10|m.24815,turquoise,5.31E-05,0.787219973,0.751106296
lcl|c206556_g1_i2|m.1565,turquoise,1.92E-05,0.455789938,0.58972118
lcl|c227267_g3_i2|m.12289,turquoise,0.000455825,0.235780454,0.33462365
lcl|c239835_g2_i1|m.26401,turquoise,0.000104788,0.974804968,0.731598143
lcl|c226769_g3_i1|m.11767,turquoise,0.041784076,0.967501768,0.508695366
lcl|c228497_g4_i1|m.13369,turquoise,0.004173704,0.184630529,0.882334045
WP_046566689.1,turquoise,0.009882754,0.827110868,0.358768761
lcl|c232791_g2_i3|m.17780,turquoise,0.015496429,0.727549339,0.509339928
lcl|c236138_g1_i1|m.21748,turquoise,0.002182149,0.655765139,0.503158906
lcl|c213946_g11_i4|m.3301,turquoise,0.001083724,0.378572105,0.690295222
lcl|c226046_g1_i2|m.11150,turquoise,0.000198138,0.360423551,0.816560439
lcl|c220845_g6_i1|m.7197,turquoise,0.022064072,0.833009773,0.122755235
lcl|c232046_g3_i3|m.16950,turquoise,0.001294571,0.133357044,0.906009819
lcl|c231506_g1_i1|m.16344,turquoise,0.00282309,0.307651874,0.68914174
lcl|c231559_g1_i1|m.16405,turquoise,0.007191249,0.315090572,0.631991854
lcl|c238052_g1_i4|m.24050,turquoise,0.000130749,0.242313674,0.422368734
lcl|c240787_g1_i1|m.27744,turquoise,0.005791319,0.030269576,0.351606982
lcl|c242247_g8_i1|m.29541,turquoise,0.083929308,0.110421226,0.168816648
lcl|c233068_g2_i1|m.18098,turquoise,0.003176379,0.080283401,0.351488027
lcl|c226287_g1_i1|m.11356,turquoise,0.000331129,0.772366732,0.831616128
lcl|c211368_g3_i1|m.2426,turquoise,0.012150906,0.224949318,0.186186792
lcl|c215313_g3_i2|m.3930,turquoise,0.012307071,0.288434625,0.513616121
lcl|c219462_g5_i2|m.6388,turquoise,0.009729437,0.391151863,0.388689264
lcl|c229060_g1_i1|m.13927,turquoise,0.00053271,0.125918426,0.410336465
lcl|c218656_g1_i1|m.5888,turquoise,0.038408167,0.209479283,0.315807277
lcl|c229898_g2_i1|m.14743,turquoise,0.001311036,0.897060141,0.720588995
lcl|c222306_g8_i4|m.8236,turquoise,0.000250064,0.353462038,0.76450876
lcl|c145576_g1_i1|m.265,turquoise,0.000486944,0.870425919,0.358765048
lcl|c232137_g2_i1|m.17041,turquoise,0.00248484,0.467184418,0.620181584
lcl|c232813_g1_i6|m.17800,turquoise,0.032770865,0.786897144,0.417432802
lcl|c219870_g5_i1|m.6620,turquoise,0.011774123,0.538143323,0.947071972
lcl|c224995_g6_i2|m.10289,turquoise,0.00023684,0.98630476,0.336489826
lcl|c229808_g3_i3|m.14640,turquoise,0.058585586,0.147111806,0.855188252
lcl|c222484_g2_i1|m.8393,turquoise,0.000345046,0.919465906,0.43874899
lcl|c228247_g2_i1|m.13162,turquoise,0.000239324,0.41215518,0.230857154
lcl|c164490_g1_i1|m.440,turquoise,0.000869047,0.338701238,0.518112039
lcl|c244508_g1_i1|m.32310,turquoise,0.100765713,0.014232663,0.285008473
lcl|c224772_g1_i1|m.10117,turquoise,0.032036667,0.64865533,0.257605942
lcl|c233739_g2_i1|m.18929,turquoise,1.34E-05,0.458272575,0.526994181
lcl|c239662_g2_i17|m.26115,turquoise,0.019865936,0.050896695,0.772631445
lcl|c228789_g1_i1|m.13647,turquoise,0.005003614,0.517456238,0.378697314
lcl|c234934_g3_i3|m.20432,turquoise,3.07E-06,0.526856678,0.920687656
lcl|c236250_g3_i2|m.21889,turquoise,0.003432292,0.229008654,0.944558227
lcl|c212126_g1_i2|m.2626,turquoise,0.017587893,0.166248436,0.182747513
lcl|c229507_g2_i4|m.14343,turquoise,0.000187106,0.962473961,0.95345572
lcl|c224289_g1_i1|m.9705,turquoise,0.000876059,0.737607778,0.255345452
lcl|c228317_g4_i1|m.13231,turquoise,8.30E-05,0.514591638,0.382315375
lcl|c220808_g2_i6|m.7171,turquoise,0.001090776,0.864622084,0.390148153
lcl|c223433_g6_i1|m.9115,turquoise,0.012221045,0.93438295,0.795923096
lcl|c216702_g5_i1|m.4730,turquoise,0.000818901,0.403720167,0.505857299
lcl|c233430_g8_i1|m.18545,turquoise,0.002791923,0.33887373,0.522751815
lcl|c224863_g5_i1|m.10190,turquoise,0.0001133,0.989755593,0.851185411
lcl|c224029_g4_i1|m.9563,turquoise,0.038019601,0.783945014,0.041924002
lcl|c227129_g2_i15|m.12185,turquoise,0.157411764,0.408091946,0.615469846
lcl|c218374_g1_i3|m.5753,turquoise,0.002518522,0.851188575,0.261271322
lcl|c224457_g4_i1|m.9823,turquoise,0.003626342,0.858782231,0.277158983
lcl|c235089_g1_i2|m.20548,turquoise,0.008515935,0.593747706,0.237761619
lcl|c238364_g3_i1|m.24421,turquoise,0.00755737,0.369036799,0.192554099
lcl|c241197_g1_i1|m.28305,turquoise,0.000720331,0.433168835,0.938836577
lcl|c229841_g2_i2|m.14676,turquoise,0.000220743,0.598939424,0.572915074
lcl|c218789_g1_i2|m.5965,turquoise,0.104936487,0.67349532,0.081307477
lcl|c232842_g1_i1|m.17827,turquoise,0.000661995,0.98164489,0.658866903
lcl|c222727_g3_i2|m.8582,turquoise,0.000121017,0.834699249,0.712240811
lcl|c228038_g3_i1|m.12994,turquoise,0.005889326,0.123679418,0.330491122
lcl|c232716_g1_i2|m.17708,turquoise,0.000125014,0.5015299,0.510398916
lcl|c233857_g2_i5|m.19099,turquoise,0.096631966,0.625944838,0.155340678
lcl|c240887_g1_i1|m.27877,turquoise,6.12E-05,0.343389762,0.797953688
lcl|c226312_g2_i2|m.11394,turquoise,0.008626218,0.762508025,0.500910566
lcl|c221583_g3_i2|m.7741,turquoise,0.004950648,0.871311371,0.395000009
lcl|c224890_g1_i1|m.10217,turquoise,0.011346729,0.074882711,0.256137
lcl|c234998_g3_i1|m.20493,turquoise,0.015015966,0.976945819,0.163434639
lcl|c211615_g1_i2|m.2471,turquoise,0.000788812,0.944714414,0.701227362
lcl|c219602_g1_i6|m.6476,turquoise,0.000132137,0.637572575,0.888608136
lcl|c233156_g1_i1|m.18213,turquoise,0.003760501,0.831963333,0.960025696
tr|A0A1Q9C5L0|A0A1Q9C5L0_SYMMI,turquoise,0.00895595,0.954996829,0.370100521
lcl|c229507_g2_i10|m.14342,turquoise,0.002164879,0.644616809,0.368933814
lcl|c225668_g5_i2|m.10809,turquoise,0.016880592,0.837045528,0.239730242
lcl|c243724_g1_i1|m.31250,turquoise,0.029802136,0.321934971,0.477146504
lcl|c215492_g2_i7|m.4057,turquoise,0.000721532,0.130995408,0.699747738
lcl|c243765_g1_i1|m.31282,turquoise,0.00248102,0.550918499,0.933662505
lcl|c212804_g1_i1|m.2848,turquoise,0.000249431,0.554477135,0.968114108
lcl|c219122_g1_i1|m.6195,turquoise,0.003842616,0.163622622,0.457120685
lcl|c239543_g6_i2|m.25954,turquoise,0.000334603,0.890279966,0.916807032
lcl|c240253_g1_i1|m.26963,turquoise,0.002136083,0.811542943,0.383800436
lcl|c232294_g5_i11|m.17226,turquoise,0.023945846,0.656843077,0.29992721
lcl|c215763_g2_i3|m.4184,turquoise,0.000966499,0.969590649,0.295947504
lcl|c220191_g1_i1|m.6799,turquoise,0.007994206,0.166398696,0.55665063
lcl|c241223_g1_i2|m.28328,turquoise,0.1482218,0.315748181,0.637005857
lcl|c218842_g3_i2|m.5986,turquoise,0.012588523,0.178640324,0.902637526
lcl|c243476_g1_i1|m.31010,turquoise,0.021698568,0.526469904,0.402392887
lcl|c243503_g5_i1|m.31038,turquoise,0.000705664,0.900896994,0.810922177
lcl|c237237_g1_i5|m.23062,turquoise,0.001245413,0.743831944,0.915708512
lcl|c232628_g4_i3|m.17621,turquoise,0.045098872,0.342701686,0.520212388
lcl|c240833_g3_i3|m.27779,turquoise,0.006962904,0.347748021,0.301245038
lcl|c235548_g1_i1|m.21054,turquoise,0.013936006,0.822497954,0.663539467
lcl|c209757_g1_i1|m.2044,turquoise,0.04960285,0.752040334,0.283959777
lcl|c229310_g3_i5|m.14142,turquoise,0.004590007,0.578157822,0.510689353
lcl|c223259_g2_i5|m.8979,turquoise,0.00406496,0.667846397,0.516647137
lcl|c234380_g5_i3|m.19780,turquoise,0.007637328,0.804224903,0.44372819
lcl|c216621_g3_i1|m.4676,turquoise,0.006899976,0.976542895,0.17829338
lcl|c216470_g1_i10|m.4604,turquoise,0.032750059,0.596852231,0.411945071
lcl|c239931_g2_i1|m.26539,turquoise,0.039789976,0.553276805,0.261237012
lcl|c236262_g1_i17|m.21911,turquoise,0.045945497,0.576480355,0.252342438
lcl|c234004_g4_i3|m.19315,turquoise,0.039015751,0.265944982,0.838583996
lcl|c218513_g6_i3|m.5817,turquoise,0.077193476,0.976927819,0.96904307
lcl|c236793_g3_i7|m.22527,turquoise,0.016868039,0.891744669,0.148970122
lcl|c222946_g2_i3|m.8728,turquoise,0.025416721,0.967928132,0.991749202
lcl|c235481_g2_i1|m.20956,turquoise,0.003309294,0.722146336,0.235551721
lcl|c227856_g7_i5|m.12838,turquoise,0.001107952,0.951095333,0.495746173
lcl|c233068_g3_i2|m.18104,turquoise,0.053195829,0.058683064,0.244219134
lcl|c232744_g5_i2|m.17733,turquoise,0.001951572,0.350281087,0.791528472
lcl|c238912_g1_i3|m.25061,turquoise,0.097834935,0.611275468,0.141167491
lcl|c237955_g4_i3|m.23932,turquoise,0.030195107,0.969623449,0.16758592
lcl|c236976_g1_i1|m.22752,turquoise,0.004591012,0.595123952,0.973703252
lcl|c205031_g3_i2|m.1422,turquoise,0.009689199,0.111673075,0.484088727
lcl|c228525_g4_i3|m.13399,turquoise,0.011423835,0.878859736,0.365864058
lcl|c214242_g1_i2|m.3413,turquoise,0.129224677,0.930631021,0.132705917
lcl|c236822_g3_i10|m.22574,turquoise,0.004416407,0.943964303,0.728779734
lcl|c205417_g1_i1|m.1460,turquoise,0.005878016,0.833750214,0.950015993
lcl|c221840_g3_i2|m.7909,turquoise,0.000572418,0.897490122,0.388928613
lcl|c238364_g3_i1|m.24422,turquoise,0.0058211,0.344746109,0.101759759
tr|Q8H1I0|Q8H1I0_SYMKA,turquoise,0.029028499,0.783877765,0.210677368
lcl|c227928_g3_i7|m.12901,turquoise,0.024602425,0.597040839,0.917589308
tr|A0A1Q9D3X8|A0A1Q9D3X8_SYMMI,turquoise,0.01919654,0.831766913,0.196897065
lcl|c231634_g1_i2|m.16472,turquoise,0.008273163,0.74733366,0.331623255
lcl|c222899_g2_i2|m.8690,turquoise,0.015224499,0.400752157,0.891833894
lcl|c243357_g2_i4|m.30881,turquoise,0.007561401,0.762354532,0.941354545
lcl|c229841_g2_i1|m.14675,turquoise,0.002769092,0.665277503,0.747486721
lcl|c237237_g1_i2|m.23061,turquoise,0.002236475,0.294755069,0.79451756
lcl|c240711_g1_i2|m.27634,turquoise,0.154868604,0.613993491,0.153928159
lcl|c201141_g1_i1|m.1178,turquoise,0.038734722,0.247519586,0.148169301
lcl|c232834_g2_i9|m.17824,turquoise,0.008851466,0.271357358,0.59205404
lcl|c234533_g4_i3|m.19947,turquoise,0.004163568,0.72207065,0.839065575
lcl|c213677_g1_i2|m.3166,turquoise,0.055238751,0.725372734,0.05004495
lcl|c230503_g4_i1|m.15369,turquoise,0.017761461,0.501412922,0.831800409
lcl|c228847_g1_i2|m.13712,turquoise,0.007673944,0.578837002,0.881579135
lcl|c240887_g1_i5|m.27881,turquoise,0.003181083,0.213426763,0.327854307
lcl|c230823_g3_i1|m.15672,turquoise,0.022678694,0.937143217,0.091539312
lcl|c219244_g1_i1|m.6299,turquoise,0.018716641,0.762791758,0.96689802
lcl|c231388_g1_i7|m.16192,turquoise,0.025238912,0.824599778,0.323783661
lcl|c220252_g1_i3|m.6839,turquoise,0.028331204,0.108431725,0.353599065
lcl|c228994_g6_i1|m.13852,turquoise,0.032504508,0.856378741,0.798724541
lcl|c232864_g1_i1|m.17844,turquoise,0.025701729,0.985638547,0.232793478
lcl|c232813_g3_i2|m.17801,turquoise,0.009929805,0.655421476,0.377901183
tr|W0U0M6|W0U0M6_9DINO,turquoise,0.255365329,0.104298774,0.046333277
lcl|c241650_g2_i3|m.28826,turquoise,0.000447316,0.821692556,0.471777638
lcl|c218693_g5_i7|m.5900,turquoise,0.027497883,0.603501558,0.610105155
lcl|c229751_g1_i2|m.14592,turquoise,0.05825585,0.301208674,0.874369874
lcl|c236527_g2_i1|m.22205,turquoise,0.014587201,0.755669676,0.08936571
lcl|c231252_g2_i1|m.16075,turquoise,0.003283664,0.830551006,0.664174995
lcl|c228938_g1_i7|m.13803,turquoise,0.003665349,0.714541006,0.460692565
lcl|c230197_g3_i5|m.15044,turquoise,0.05987579,0.62692667,0.136611165
lcl|c236195_g2_i4|m.21823,turquoise,0.030549487,0.0584022,0.875460665
lcl|c231430_g2_i6|m.16242,turquoise,0.012938672,0.394854965,0.292297303
lcl|c206351_g3_i3|m.1527,turquoise,0.011743782,0.961734793,0.365635239
lcl|c221039_g3_i2|m.7343,turquoise,0.182685948,0.392191963,0.312897367
lcl|c226592_g1_i2|m.11602,turquoise,0.175662499,0.910493501,0.273429984
lcl|c234643_g1_i1|m.20065,turquoise,0.069807238,0.519628787,0.024140161
lcl|c240259_g4_i3|m.26973,turquoise,0.121607035,0.682882739,0.433717686
lcl|c228525_g4_i1|m.13398,turquoise,0.330358075,0.644843311,0.529476654
lcl|c217808_g1_i5|m.5370,turquoise,0.043104126,0.45713467,0.808469748
lcl|c241500_g1_i1|m.28663,turquoise,0.011193917,0.748884677,0.07205662
lcl|c223077_g2_i1|m.8858,turquoise,0.052177137,0.882057041,0.275019436
lcl|c233030_g2_i1|m.18057,turquoise,0.020251797,0.851867764,0.959122289
lcl|c220485_g3_i1|m.6974,turquoise,0.1006925,0.492064299,0.206013594
lcl|c238365_g3_i1|m.24425,turquoise,0.093864141,0.754528831,0.57203685
lcl|c221444_g1_i1|m.7638,turquoise,0.138265672,0.602771539,0.254205568
lcl|c223561_g2_i1|m.9204,turquoise,0.021386534,0.992937729,0.650185351
lcl|c231190_g4_i6|m.16031,turquoise,0.006887409,0.918062875,0.704339994
lcl|c218176_g7_i3|m.5597,turquoise,0.011624772,0.892692359,0.278467273
lcl|c227322_g4_i4|m.12336,turquoise,0.094866916,0.770545022,0.532261096
lcl|c232540_g2_i1|m.17495,turquoise,0.073769361,0.72528597,0.164081909
lcl|c235859_g3_i1|m.21391,turquoise,0.099761027,0.703594122,0.389782246
WP_011446044.1,turquoise,0.189142935,0.456953562,0.285554693
lcl|c161959_g2_i1|m.413,turquoise,0.05540955,0.889951194,0.321500935
lcl|c236138_g1_i3|m.21749,turquoise,0.172287817,0.821466079,0.049933087
lcl|c235526_g4_i1|m.21004,turquoise,0.058673437,0.48984996,0.220458561
lcl|c236195_g2_i1|m.21821,turquoise,0.202934959,0.567868127,0.175028515
lcl|c218175_g4_i6|m.5595,turquoise,0.108273439,0.627047808,0.506309875
lcl|c229917_g4_i4|m.14770,turquoise,0.029881749,0.369004737,0.557012548
lcl|c224667_g2_i1|m.10051,turquoise,0.078471209,0.426685301,0.148434067